id,title,T4_title_weight,T4_rank,T4_S_scale,T4_S_score
20725345,"
চট্টগ্রামে উলামা-মাশায়েখ পরিষদের ইফতার মাহফিল  
অপসংস্কৃতির আগ্রাসন প্রতিরোধে ইমামরা গুরুত্বপূর্ণ ভূমিকা রাখতে পারেন : আ ক ম আবদুল কাদের
",0.0079485535366147,1.0,1.0,100.0
20725404,"

লেনদেন ও সূচক বেড়েছে উভয় শেয়ারবাজারে
দর বেড়েছে ২৭৩টির, কমেছে ৭৪টির এবং অপরিবর্তিত রয়েছে ৪৯টির
",0.005654632448890102,2.0,0.6944102906880328,69.44102906880329
20725396,"
ইউপি সদস্যের কাছে প্রশাসন অসহায় 
মুরাদনগরে খিড়া নদীতে বাঁধ দিয়ে কৃষিজমির মাটি নিচ্ছে ইটভাটায়
",0.005654632448890102,2.0,0.6944102906880328,69.44102906880329
20725422,"

 পেনশনের আওতায় আসছেন পাঁচ লাখ বেসরকারি শিক্ষক
যৌক্তিক দাবিতে নমনীয় সরকার প্রস্তুত হচ্ছে খসড়া
",0.005547221641100299,4.0,0.6801013252641142,68.01013252641141
20727111,"গাজার নির্যাতিত শিশুদের পাশে বাংলাদেশি সংগঠন লাভ শেয়ার বিডি, ১০ হাজার ডলার অনুদান",0.0052196607220524015,5.0,0.6364645817991944,63.64645817991944
20725391,"

পিরোজপুরজুড়ে ভয়ঙ্কর হয়ে উঠছে কিশোর গ্যাং
দেশীয় অস্ত্রসহ গ্যাংয়ের ১৮ সদস্য গ্রেফতার
",0.005214084117038399,6.0,0.6357216821788473,63.57216821788473
20725370,"
উ জ বে কি স্তা নে র   রূ প ক থা 
মৎস্য কুমার
",0.0048762962430466,7.0,0.5907225325678847,59.072253256788464
20725352,"
৯ এপ্রিল ছুটির সুপারিশ  
সরকারের অভিযোগ আমলে না নিলে ফেসবুক ও ইউটিউব বন্ধ
",0.004784688995214701,8.0,0.5785188729103559,57.85188729103559
20729940,"

রাজবাড়ীতে চাকরির প্রলোভন দেখিয়ে টাকা হাতিয়ে নেয়া চক্রের ৩ সদস্য গ্রেফতার
",0.0047790963266573,9.0,0.5777738333499804,57.77738333499804
20725434,"

ঢাকা ও চট্টগ্রামে ভারতীয় পেঁয়াজ ৪০ টাকা কেজি দরে বিক্রি হবে : বাণিজ্য প্রতিমন্ত্রী
",0.0047766648188139,10.0,0.5774499147204205,57.74499147204205
20732364,"

তামাক বিরোধীদের বাজেট প্রস্তাব বাস্তবায়ন হলে ১১ লাখ অকাল মৃত্যুরোধ সম্ভব
",0.0046619612151713,11.0,0.5621694235641417,56.216942356414165
20725429,"

উখিয়ায় পাহাড় কাটায় বাধা, ডাম্প ট্রাকের চাপায় বিট কর্মকর্তার মৃত্যু
",0.004349717268377001,12.0,0.5205731640215173,52.057316402151734
20725427,"
বিভিন্ন ইসলামী দলের বিবৃতি  
পাঞ্জাবির লোগোতে সমকামীদের চিহ্ন ক্ষমার অযোগ্য অপরাধ 
",0.004349717268377001,12.0,0.5205731640215173,52.057316402151734
20725757,"বাসের অগ্রিম টিকিট বিক্রি ২রা এপ্রিল, ট্রেনের ফিরতি ৩রা এপ্রিল",0.004349717268377001,12.0,0.5205731640215173,52.057316402151734
20728695,শ্রীপুরের লাইফ কেয়ার হাসপাতালে সিজার করতে এসে এক প্রসূতির মায়ের মৃত্যুর অভিযোগ,0.004349717268377001,12.0,0.5205731640215173,52.057316402151734
20729938,"

গোবিন্দগঞ্জে সড়ক দুর্ঘটনায় নিহত ৪ পরিবারকে জামায়াতের আর্থিক সহায়তা প্রদান
",0.004349717268377001,12.0,0.5205731640215173,52.057316402151734
20725430,"
উপবৃত্তির নামে প্রতারণা 
‘রাজমিস্ত্রি চক্র’ হাতিয়ে নেয় মোটা অঙ্কের টাকা
",0.004349717268377001,12.0,0.5205731640215173,52.057316402151734
20725736,চট্টগ্রামে লাগামহীন অবৈধ ব্যাটারি রিকশা দৈনিক ৭০ লাখ টাকার ভাগবাটোয়ারা,0.0043416930919762,18.0,0.519504205831582,51.9504205831582
20725426,"
প্রতিবাদে মানববন্ধন 
ডেমরায় সড়ক ও জনপদের ২০০ কোটি  টাকার সম্পদ দখল হয়ে যাচ্ছে
",0.0043048497921976,19.0,0.5145960451587125,51.45960451587125
20725413,"

নূরীর মা হাফসার জামিন স্থগিতাদেশ তুলে নেয়ার আবেদন শুনানি ৩ এপ্রিল  
",0.004287394457034299,20.0,0.5122706945496437,51.22706945496437
20731587,"

ইসরাইলের সাথে সমন্বয় করে গাজায় বাহিনী পাঠিয়েছে ফাতাহ, অভিযোগ হামাসের
",0.0041380531300655,21.0,0.49237586340620293,49.23758634062029
20731585,"

শান্তিকামী মানুষের আন্দোলন বন্দুক দিয়ে থামিয়ে রাখা যায় না : ড. মঈন খান
",0.0040515415106647,22.0,0.4808510290227231,48.08510290227231
20731582,"

ট্রেনের নিচে ঝাঁপ দিয়ে গৃহবধূর আত্মহত্যা, বাঁচাতে গিয়ে প্রাণ গেল কলেজছাত্রের
",0.0039884978120726,23.0,0.47245252498097273,47.24525249809727
20731578,"

চাঁদাবাজির প্রতিবাদে ভৈরবে বেসরকারি ক্লিনিক-হাসপাতালে ওষুধ সরবরাহ বন্ধ
",0.0039469364665924,24.0,0.46691583954228283,46.691583954228285
20725392,"

বকশিগঞ্জে স্বামী-স্ত্রীর ঝগড়া থামাতে দায়ের কোপে মা নিহত 
",0.0039147462321831,25.0,0.4626275471383015,46.26275471383015
20730215,ইতিহাসের পাতায় ‘স্বৈরশাসক’ হিসেবে আরওয়ামী লীগের নাম লিপিবদ্ধ থাকবে : সালাম,0.0039147460311283995,26.0,0.46262752035436033,46.26275203543603
20725743,‘ইন্ডিয়া জোট আমি তৈরি করেছি নামটাও আমার দেয়া ভোটের পর ওটা দেখে নেবো’,0.0039147455415393,27.0,0.46262745513267883,46.26274551326788
20725777,চবি সাংবাদিকতা অ্যালামনাই এসোসিয়েশনের বার্ষিক সাধারণ সভা ও ইফতার মাহফিল সম্পন্ন,0.0039147455415393,27.0,0.46262745513267883,46.26274551326788
20725437,"

ড্রেজিংয়ে অনিয়ম-দুর্নীতিতে ১০ নৌপথ পরিত্যক্ত
এসসিআর এফের প্রতিবেদন
",0.0039147455415393,27.0,0.46262745513267883,46.26274551326788
20725719,তুরস্কে স্থানীয় নির্বাচন কার্যত প্রেসিডেন্ট এরদোগান ও মেয়র ইমামোগলুর লড়াই,0.0039147455415393,27.0,0.46262745513267883,46.26274551326788
20725406,"

 মার্সেল ফ্রিজ কিনে ১০ লাখ টাকা পেলেন গৃহিণী ঝর্ণা
",0.0039147455415393,27.0,0.46262745513267883,46.26274551326788
20730204,"

লেখাপড়ার স্বার্থে রাজনীতি বন্ধ রাখবে কি না এ সিদ্ধান্ত বুয়েটের : গয়েশ্বর রায়
",0.0039147455415393,27.0,0.46262745513267883,46.26274551326788
20725741,লিটারে ২ টাকা ২৫ পয়সা কমলো ডিজেল ও কেরোসিনের দাম,0.0039147455415393,27.0,0.46262745513267883,46.26274551326788
20725750,সোনাইমুড়ীতে ৯৪ ব্যাচ বন্ধু মহল’র ঈদ উপহার ও ইফতার মাহফিল,0.0039147455415393,27.0,0.46262745513267883,46.26274551326788
20725439,"

জামায়াত-অজামায়াত কিছুই বুঝি না, বুঝি প্রার্থী প্রার্থীই : ইসি রাশেদা সুলতানা 
",0.0039147455415393,27.0,0.46262745513267883,46.26274551326788
20725455,"

ট্রান্সকমের শীর্ষ ৩ জনকে দেশে ফেরার ৭২ ঘণ্টার মধ্যে আত্মসমর্পণের নির্দেশ
",0.0039147455415393,27.0,0.46262745513267883,46.26274551326788
20725753,মার্কিন দূতাবাস প্রতিনিধিদলের বেক্সিমকো ইন্ডাস্ট্রিয়াল পার্ক এবং শাইনপুকুর সিরামিক পরিদর্শন,0.0039147455415393,27.0,0.46262745513267883,46.26274551326788
20725447,"

কিনমেনের কাছে চীনা ড্রোনের চিত্র ধারণের নিন্দা তাইওয়ানের সামরিক বাহিনীর
",0.0039147455415393,27.0,0.46262745513267883,46.26274551326788
20725772,বন্ধু রাষ্ট্রের সহযোগিতায় ক্ষমতায় এসেছে আওয়ামী লীগ- মঈন খান,0.0039147455415393,27.0,0.46262745513267883,46.26274551326788
20729932,"

দেওয়ানগঞ্জে পুলিশ সুপারের বাসার ছাদ থেকে ৪ গন্ধ গোকুল উদ্ধার
",0.0039147455415393,27.0,0.46262745513267883,46.26274551326788
20727266,"

টালমাটাল পাকিস্তান ক্রিকেট, ভুয়া বিবৃতি দিয়ে উস্কে দিয়েছে বিতর্ক
",0.0039147455415393,27.0,0.46262745513267883,46.26274551326788
20731579,"

৭ জানুয়ারির ভোটে আওয়ামী লীগের খরচ পৌনে ৩ কোটি টাকা
",0.0039022554986921,42.0,0.46096356678734957,46.096356678734956
20725415,"
হলমার্ক কেলেঙ্কারি 
রায় শুনে পালিয়ে যাওয়া তেঁতুলঝোড়া ইউপি চেয়ারম্যানের আত্মসমর্পণ
",0.0038871613148553997,43.0,0.4589527621107449,45.895276211074496
20725454,"

সরকার জিয়াউর রহমানের নাম মুছে ফেলার চক্রান্ত করছে : মির্জা ফখরুল
",0.0038822399293071,44.0,0.4582971489830027,45.829714898300274
20731586,"

বাস ভাড়া কিলোমিটারে ৩ পয়সা কমিয়ে প্রজ্ঞাপন
মঙ্গলবার থেকে কার্যকর
",0.0038818142226757,45.0,0.45824043754404437,45.824043754404435
20729933,"

এবার তানজানিয়া জয় করল ১০ বছর বয়সী বাংলাদেশী হাফেজ হুজাইফা
",0.0037611343332902,46.0,0.44216380242592174,44.21638024259217
20725357,"

ঈদে মি ফ্যানদের জন্য শাওমির ‘ঈদ উইথ মি’ ক্যাম্পেইন
",0.0036218546081917004,47.0,0.4236093495575713,42.36093495575713
20731580,"

ফুয়াদ হত্যা : ইউপি চেয়ারম্যান জেসমিনের বাড়িতে হয় গোপন বৈঠক
",0.0035328207242480004,48.0,0.41174850619252823,41.17485061925282
20725373,"

দিল্লিকে পূর্ণ রাজ্যের মর্যাদাসহ কেজরিওয়ালের নির্বাচনী ছয় প্রতিশ্রুতি
",0.0035140128644114,49.0,0.40924297605419724,40.924297605419724
20725380,"
সার্ভার জটিলতা 
হোসেনপুরে প্রাথমিকের শিক্ষকরা বদলির আবেদন করতে পারছেন না
",0.003487582720625,50.0,0.4057220267068197,40.572202670681975
20725721,গ্রাহকের টাকায় ম্যানেজার আল আমিনের একাধিক ব্যবসা প্রতিষ্ঠান,0.0034797738147016,51.0,0.40468174624384035,40.468174624384034
20729929,"

৮ ও ৯ এপ্রিল ঐচ্ছিক ছুটি নেয়া যাবে : মন্ত্রিপরিষদ সচিব
",0.0034797738147016,51.0,0.40468174624384035,40.468174624384034
20729935,"

ব্রাজিলে ইস্টার সানডে মিছিলে বাসের ধাক্কায় ৪ জন নিহত
",0.0034797738147016,51.0,0.40468174624384035,40.468174624384034
20728698,মানব চামড়া দিয়ে বাঁধানো বই সরিয়ে দেয়া হলো হার্ভার্ড লাইব্রেরি থেকে,0.0034797738147016,51.0,0.40468174624384035,40.468174624384034
20725789,‘সরকারের অবৈধ কর্মকাণ্ডের বিরুদ্ধে সাংবাদিকদের কলাম বিরামহীনভাবে চালাতে হবে’,0.0034797738147016,51.0,0.40468174624384035,40.468174624384034
20726937,"

তুরস্কে স্থানীয় নির্বাচন : ইস্তাম্বুল ও আংকারায় বিরোধীদের জয়ের দাবি
",0.0034797738147016,51.0,0.40468174624384035,40.468174624384034
20725754,১২০০তম উপ-শাখার মাইলফলক অর্জন করলো আইএফআইসি ব্যাংক,0.0034797738147016,51.0,0.40468174624384035,40.468174624384034
20728169,তৃতীয় দিনের মতো আজও ক্লাস-পরীক্ষা বর্জন বুয়েট শিক্ষার্থীদের,0.0034797738147016,51.0,0.40468174624384035,40.468174624384034
20725458,"

পান্নুন হত্যাচেষ্টা : তৃতীয় পক্ষের পরামর্শ নাকচ করল ভারত
",0.0034797738147016,51.0,0.40468174624384035,40.468174624384034
20726943,ঈদের ছুটিতে হাসপাতালে পর্যাপ্ত জনবল রাখাসহ ১২ নির্দেশনা,0.0034797738147016,51.0,0.40468174624384035,40.468174624384034
20727107,বকেয়া বেতনের দাবিতে সড়ক অবরোধ করে গাজীপুরে শ্রমিকদের বিক্ষোভ,0.0034797738147016,51.0,0.40468174624384035,40.468174624384034
20728170,শীর্ষে উঠে শিরোপা জয়ের হুঙ্কার লিভারপুল কোচ ক্লপের,0.0034797738147016,51.0,0.40468174624384035,40.468174624384034
20725782,শৈলকুপায় নদী দখল করে যুবলীগ নেতার ইটভাটা-পুকুর খনন,0.0034797738147016,51.0,0.40468174624384035,40.468174624384034
20725451,"

অব্যাহত রুশ হামলার মুখে আরো সহযোগীকে বরখাস্ত জেলেন্সকির
",0.0034797738147016,51.0,0.40468174624384035,40.468174624384034
20730025,"রাজস্ব বাড়বে ১০হাজার কোটি, অকাল মৃত্যু রুখবে ১১ লাখ",0.0034797738147016,51.0,0.40468174624384035,40.468174624384034
20725725,সিলেটে স্বেচ্ছাসেবক লীগ নেতার বিরুদ্ধে কিশোরী ধর্ষণ মামলা,0.0034797738147016,51.0,0.40468174624384035,40.468174624384034
20730208,"

আওয়ামী লীগ রাষ্ট্রীয় ক্ষমতা সম্পূর্ণ কুক্ষিগত করে ফেলেছে : সালাম
",0.0034797738147016,51.0,0.40468174624384035,40.468174624384034
20725793,চাঁপাইনবাবগঞ্জে বীমা দাবির চেক পেয়ে খুশি শতাধিক গ্রাহক,0.0034797738147016,51.0,0.40468174624384035,40.468174624384034
20725748,"সীতাকুণ্ডে ড্রেজার বসিয়ে বালু উত্তোলন, হুমকির মুখে ব্রিজ",0.0034797738147016,51.0,0.40468174624384035,40.468174624384034
20729931,"

আড়াই কেজি আফিমসহ চোরাচালান চক্রের নারী সদস্য গ্রেফতার
",0.0034741811461442,70.0,0.403936706683465,40.3936706683465
20731589,ক্যাম্পাসের ভিন্ন মতালম্বী সংগঠনকে কাজ করতে দিচ্ছেনা ছাত্রলীগ: শিবির সভাপতি,0.0034648982158929,71.0,0.4027000608492912,40.27000608492912
20725340,"

বগুড়ার প্রকৌশলী মিঠুর ২০ বছরের গবেষণার ফল স্থাপত্যশিল্পে বঙ্গবন্ধুর মুখচ্ছবি
",0.0034608884378168007,72.0,0.4021658895025793,40.21658895025793
20730645,"

জলবায়ু অভিযোজনে প্রতি বছর ব্যয় ৩.৫ বিলিয়ন ডলার : পরিবেশমন্ত্রী
",0.0034546518116912997,73.0,0.40133506372789246,40.13350637278925
20728691,"

অভিযান শেষে আল-শিফা থেকে সৈন্য প্রত্যাহার করল ইসরাইল
",0.0034521895880176997,74.0,0.4010070532219065,40.10070532219065
20725779,কানাইঘাটে বিয়ের ৬ মাসের মাথায় নববধূর রহস্যজনক মৃত্যু,0.0034199557534912,75.0,0.39671295253305766,39.671295253305765
20725799,টেকনাফে এবার শিক্ষক অপহরণ ১২ লাখ টাকা মুক্তিপণ দাবি,0.0034048686191439997,76.0,0.394703086969598,39.4703086969598
20731575,"

ক্যাম্পাসগুলোতে ভিন্ন মতালম্বী সংগঠনকে কাজ করতে দিচ্ছে না ছাত্রলীগ : শিবির সভাপতি
",0.0033914805556779,77.0,0.3929195668455846,39.29195668455846
20730022,বিদ্যুৎ উন্নয়ন বোর্ডের অফিসিয়াল ফেসবুক পেজ হ্যাক করা হয়েছে,0.0033793887191622997,78.0,0.3913087264266949,39.13087264266949
20728161,"

নির্বিঘ্নে ভোট দেয়ার পরিবেশ নিশ্চিতে আন্দোলন থেমে নেই : রিজভী
",0.0033768158737738996,79.0,0.39096597920729265,39.096597920729266
20731590,ইসলামের বিরুদ্ধে সিন্ডিকেটভিত্তিক অপপ্রচার চলছে: চরমোনাই পীর,0.0032746334136991998,80.0,0.37735351954679797,37.7353519546798
20732376,বুয়েটের ছাত্রদের সঙ্গে অন্যায় হলে ছাত্র-শিক্ষক-অভিভাবকদের নিয়ে রাজপথে নামবো: নুর,0.0032404756519588004,81.0,0.37280311869087746,37.28031186908775
20725356,"

ব্রডব্যান্ডের চেয়ে ৪৫ লাখ গুণ দ্রুতগতির ইন্টারনেট
",0.0031475173542211002,82.0,0.3604194759684607,36.04194759684607
20731584,"

ঢাকাস্থ রংপুর ছাত্রফোরামের সভাপতি মাহিন, সম্পাদক ইমরান
",0.0031462662399745,83.0,0.36025280605074617,36.02528060507461
20732367,"

বিরাজনীতিকরণের নামে বুয়েটকে জঙ্গিবাদের আখড়া বানানো যাবে না : পররাষ্ট্রমন্ত্রী
",0.0030969802741279,84.0,0.3536870684336943,35.36870684336943
20725374,"

পাকিস্তানে দাঙ্গার ঘটনায় ৫১ জনের ৫ বছর করে কারাদণ্ড
",0.0030661694686211997,85.0,0.34958253966465996,34.958253966465996
20725377,"

 সাগর ও আকাশপথে শেনজেন অঞ্চলে যুক্ত বুলগেরিয়া-রোমানিয়া
",0.0030585712332485996,86.0,0.3485703241393648,34.85703241393648
20725342,"

ছাত্র রাজনীতির বিপক্ষে যারা কথা বলে তারা উগ্রবাদী শক্তি : বাহাউদ্দিন নাছিম 
",0.0030584873260128,87.0,0.34855914625363266,34.85591462536327
20725375,"

সিরিয়ায় গাড়িবোমা বিস্ফোরণে নিহত ৭ আহত ৩০
",0.0030579510235126998,88.0,0.3484877015444027,34.84877015444027
20730881,দেশে প্রথমবারের মতো ওমরাহ কার্ড চালু করলো ন্যাশনাল ব্যাংক,0.0030543785606134,89.0,0.3480117880943861,34.80117880943861
20731576,"

আল শিফা হাসপাতাল থেকে ৫০০ জনকে আটক করল ইসরাইল
",0.0030530286513881,90.0,0.3478319569877432,34.78319569877432
20732373,"

ডেমরায় গ্যারেজে থাকা ভলভো বাসে আগুন, নিয়ন্ত্রণে ৬ ইউনিট
",0.0030511154407023996,91.0,0.3475770844463884,34.757708444638844
20730872,বেপরোয়া গাড়ি চালানোর কারণে দুর্ঘটনা বাড়ছে: জামায়াত,0.0030501254782318,92.0,0.34744520443306137,34.744520443306136
20725385,"

লালমোহনে ৯ মাসের শিশুর গলা কাটল দুর্বৃত্তরা 
",0.0030455218423569,93.0,0.34683192102226007,34.68319210222601
20730654,"

রোহিঙ্গাদের প্রত্যাবাসনে ইন্দোনেশিয়া ও আইওএমের সহযোগিতার আহ্বান পররাষ্ট্রমন্ত্রীর
",0.0030452051512001995,94.0,0.3467897323179338,34.67897323179338
20730658,"

২১ রোজাই করা শিশু মালিহার পানিতে ডুবে মৃত্যু
",0.0030450364071769,95.0,0.3467672527142089,34.676725271420885
20725389,"

রূপগঞ্জে যুবককে পিটিয়ে দুই পা ভেঙে দিলো সন্ত্রাসীরা
",0.0030449498954762994,96.0,0.3467557278690082,34.67557278690082
20725788,কলাপাড়ায় আওয়ামী লীগ নেতার চাঁদা দাবির অভিযোগ,0.0030448020878639,97.0,0.3467360373550019,34.673603735500194
20725792,আর্থ-সামাজিক উন্নয়নে এডিবি’র আরও সহায়তা চেয়েছেন প্রধানমন্ত্রী,0.0030448020878639,97.0,0.3467360373550019,34.673603735500194
20728171,মোহাম্মদপুরে অস্ত্রসহ কিশোর গ্যাংয়ের ১৬ সদস্য গ্রেপ্তার,0.0030448020878639,97.0,0.3467360373550019,34.673603735500194
20725784,সুনামগঞ্জে সড়ক দুর্ঘটনায় পুলিশ কর্মকর্তার মর্মান্তিক মৃত্যু,0.0030448020878639,97.0,0.3467360373550019,34.673603735500194
20725464,"

খালেদা জিয়াকে চিকিৎসা জন্য বিদেশে পাঠানোর আহ্বান জামায়াতের
",0.0030448020878639,97.0,0.3467360373550019,34.673603735500194
20725465,"

জোড়াতালি দিয়ে চলছে জামালপুরের একমাত্র স্বাস্থ্য শিক্ষাপ্রতিষ্ঠান
",0.0030448020878639,97.0,0.3467360373550019,34.673603735500194
20725771,২ চেয়ারম্যান প্রার্থীকে সরে দাঁড়াতে এমপি’র নির্দেশ,0.0030448020878639,97.0,0.3467360373550019,34.673603735500194
20725767,"ইফতারের সময় ডেকে নিয়ে কিশোরকে হত্যা, দুই বন্ধু আটক",0.0030448020878639,97.0,0.3467360373550019,34.673603735500194
20725762,নানাকে ভুয়া মুক্তিযোদ্ধা বানিয়ে সরকারি চাকরি করছেন নাতি,0.0030448020878639,97.0,0.3467360373550019,34.673603735500194
20725755,রোলেক্স ঘড়ির সন্ধানে পেরুর প্রেসিডেন্টের বাসায় অভিযান,0.0030448020878639,97.0,0.3467360373550019,34.673603735500194
20725720,গাজায় স্থায়ী যুদ্ধবিরতির দাবি ফ্রান্স-মিশর-জর্ডানের,0.0030448020878639,97.0,0.3467360373550019,34.673603735500194
20725751,দৌলতপুরে শিক্ষা কর্মকর্তা শফিউলের বিরুদ্ধে অনিয়মের অভিযোগ,0.0030448020878639,97.0,0.3467360373550019,34.673603735500194
20725727,মহেশপুরে সহকারী শিক্ষা অফিসারের বিরুদ্ধে অনিয়মের অভিযোগ,0.0030448020878639,97.0,0.3467360373550019,34.673603735500194
20725745,নারায়ণগঞ্জে প্রেমিকাকে ধর্ষণ শেষে হত্যা ৩ জনের যাবজ্জীবন,0.0030448020878639,97.0,0.3467360373550019,34.673603735500194
20725744,যুক্তরাষ্ট্রে প্রায় সাড়ে ৭ কোটি গ্রাহকের ব্যক্তিগত তথ্য ফাঁস,0.0030448020878639,97.0,0.3467360373550019,34.673603735500194
20725731,বিদেশি ঋণের সুদ পরিশোধে ব্যয় বাড়ায় উদ্বেগ,0.0030448020878639,97.0,0.3467360373550019,34.673603735500194
20725796,এপ্রিলে ভোক্তা ঋণে সুদ গুনতে হবে ১৪.৫৫ শতাংশ,0.0030448020878639,97.0,0.3467360373550019,34.673603735500194
20725734,অভিযোগ আমলে না নিলে ফেসবুক ইউটিউব বন্ধ করে দেয়া হবে,0.0030448020878639,97.0,0.3467360373550019,34.673603735500194
20725798,"সুনামগঞ্জে আগ্নেয়াস্ত্র নিয়ে চেয়ারম্যান বাহিনীর মহড়া, ভিডিও ভাইরাল",0.0030448020878639,97.0,0.3467360373550019,34.673603735500194
20727104,মোহাম্মদপুরে ২৫ দিন শেকলে বেঁধে তরুণীকে সংঘবদ্ধ ধর্ষণ,0.0030448020878639,97.0,0.3467360373550019,34.673603735500194
20730210,"

সাতক্ষীরা মেডিক্যাল কলেজে ছাত্রলীগের ২ গ্রুপের সংঘর্ষ
",0.0030448020878639,97.0,0.3467360373550019,34.673603735500194
20730205,"

গ্যাস বিস্ফোরণ : চিকিৎসাধীন বাবা-মা ও সন্তানের মৃত্যু
",0.0030448020878639,97.0,0.3467360373550019,34.673603735500194
20725400,"

 বশেমুরকৃবিতে ডিজিটাল স্কিলস ফর স্টুডেন্টস প্রশিক্ষণ উদ্বোধন
",0.0030448020878639,97.0,0.3467360373550019,34.673603735500194
20729608,"

ভারতীয় ৫০ হাজার টন পেঁয়াজের প্রথম চালান খালাস হচ্ছে সিরাজগঞ্জে
",0.0030448020878639,97.0,0.3467360373550019,34.673603735500194
20729607,"

ঈদে ৯০ লাখ মানুষ সড়কপথে ঢাকা ছাড়বে
",0.0030448020878639,97.0,0.3467360373550019,34.673603735500194
20728693,"

গাজীপুরে বেতন-ঈদ বোনাসের দাবিতে শ্রমিকদের বিক্ষোভ
",0.0030448020878639,97.0,0.3467360373550019,34.673603735500194
20725448,"

অবৈধ চীনা মাছধরা বন্ধে সহযোগিতা করবে যুক্তরাষ্ট্র ও আর্জেন্টিনা
",0.0030448020878639,97.0,0.3467360373550019,34.673603735500194
20728164,"

দ্বিতীয় ধাপে ১৬১ উপজেলা নির্বাচনের তফসিল ঘোষণা
",0.0030448020878639,97.0,0.3467360373550019,34.673603735500194
20725424,"

সিএনসি স্বাধীনতা পদক পেলেন পাঁচ বিশিষ্ট ব্যক্তি
",0.0030448020878639,97.0,0.3467360373550019,34.673603735500194
20725412,"

 উপজেলা নির্বাচন বিধি সংশোধন চায় সাংস্কৃতিক মুক্তিজোট
",0.0030448020878639,97.0,0.3467360373550019,34.673603735500194
20727084,"

গাজার পথে ৪০০ টন ত্রাণ, যথেষ্ট নয় বলছেন মানবতাবাদীরা
",0.0030448020878639,97.0,0.3467360373550019,34.673603735500194
20727079,"

মেহেরপুরে ট্রাকের ধাক্কায় ২ সাইকেল আরোহী নিহত
",0.0030448020878639,97.0,0.3467360373550019,34.673603735500194
20725800,সাতক্ষীরায় খাদ্যবান্ধব কর্মসূচির ১৭ বস্তা চাল উদ্ধার,0.0030448020878639,97.0,0.3467360373550019,34.673603735500194
20725443,"
সিয়াম সাধনার মাস 
সিয়ামের অনুষঙ্গ সদাকাতুল ফিতর
",0.0030448020878639,97.0,0.3467360373550019,34.673603735500194
20726941,"মালয়েশিয়ায় সেকেন্ড হোম গড়েছেন ৩,৬০৪ জন বাংলাদেশি",0.0030448020878639,97.0,0.3467360373550019,34.673603735500194
20725444,"

আর্থসামাজিক উন্নয়নে এডিবির আরো সহায়তা চেয়েছেন প্রধানমন্ত্রী
",0.0030448020878639,97.0,0.3467360373550019,34.673603735500194
20725435,"

 কৃষি বিপণন অধিদফতরের ব্যর্থতায় ভুগছেন কৃষক ও ভোক্তা
",0.0030448020878639,97.0,0.3467360373550019,34.673603735500194
20725402,"

দুস্থদের মাঝে স্বাধীনতা ব্যাংকার্স পরিষদের খাদ্যসামগ্রী  বিতরণ
",0.0030440638289775,134.0,0.34663768858454974,34.66376885845497
20727261,"

যশোরের শার্শায় ৩৮ কেজি গাঁজাসহ গ্রেফতার ১
",0.0030392094193065,135.0,0.34599099779462655,34.599099779462655
20725446,"

তুরস্কে প্রধান নগরীগুলোতে জয়ের পথে বিরোধী দল
",0.0030343434885697,136.0,0.3453427722007524,34.53427722007524
20725780,কর্মচারী আইন শিথিল নয় সম্পদের হিসাব দাখিল বাধ্যতামূলক করতে হবে,0.0030221263890718,137.0,0.34371524460000913,34.37152446000091
20725436,"

ভারতের পেঁয়াজের প্রথম চালান ঢুকেছে দর্শনা বন্দর দিয়ে
",0.0030221263890718,137.0,0.34371524460000913,34.37152446000091
20727108,তুরস্কের স্থানীয় সরকার নির্বাচনে এরদোগানের প্রার্থীদের পরাজয়,0.0030122964756317,139.0,0.3424057312053258,34.24057312053258
20728167,বুয়েটে ছাত্র রাজনীতি করার অনুমতি চেয়ে হাইকোর্টে রিট,0.0029724213607115,140.0,0.33709368065465395,33.7093680654654
20729930,"

ছাত্ররাজনীতি : বুয়েট ভিসি বললেন- ‘আদালতের আদেশ শিরোধার্য’
",0.0029572118720301997,141.0,0.33506751539126534,33.50675153912653
20732365,"

কেজরিওয়ালের গ্রেফতার কি ভারতের বিরোধী জোটকে এককাট্টা করতে পারবে?
",0.0029568990598567,142.0,0.33502584343416075,33.502584343416075
20732370,"

কেজরিওয়ালের গ্রেফতার কি ভারতের বিরোধী জোটকে এককাট্টা করতে পারবে?
",0.0029568990598567,142.0,0.33502584343416075,33.502584343416075
20725393,"

লালমাইয়ে পানিতে ডুবে তিন বছরের শিশুর মৃত্যু
",0.0029546619287009,144.0,0.33472781911970106,33.47278191197011
20730207,"

বিএনপির আইন সম্পাদকের বাবার মঙ্গলবার তৃতীয় মৃত্যুবার্ষিকী
",0.0029497456619193996,145.0,0.33407288789966116,33.40728878996612
20728692,"

৭ অক্টোবর পর থেকে ৬০০ সৈন্য নিহত হয়েছে : ইসরাইল
",0.0029444169923245997,146.0,0.33336301753785647,33.33630175378565
20725766,তারাকান্দায় বাস-মাইক্রো সংঘর্ষে ভাই-বোন নিহত,0.0029263042804049,147.0,0.3309500930479897,33.09500930479897
20730650,"

ভুয়া ও এই ডামি নির্বাচন জনগণ প্রত্যাখ্যান করেছে : সাবেক স্বরাষ্ট্রমন্ত্রী
",0.0029053079184313997,148.0,0.32815301681619347,32.815301681619346
20725354,"

ইমন সাহার হাত ধরেই প্লেব্যাকে তাদের অভিষেক
",0.0028104534121911997,149.0,0.31551676653540217,31.551676653540216
20725347,"

 দেশের অর্থনৈতিক পরিস্থিতি নিয়ে সব দ্বিধাদ্বন্দ্ব কেটে গেছে : অর্থমন্ত্রী
",0.0027682296599963003,150.0,0.3098918371390301,30.989183713903014
20725353,"

উইকেট না হারালে শেষ বিকেলটা হতো বাংলাদেশের
",0.0027576184418961,151.0,0.30847824053710754,30.847824053710752
20725338,"

মাহি ম্যাজিকেও হলো না শেষরক্ষা, পন্থের দুরন্ত ব্যাটিংয়ে চেন্নাই জয় দিল্লির
",0.0027539300225288,152.0,0.3079868796928721,30.798687969287208
20732379,বাস-ট্রেন-লঞ্চে অতিরিক্ত যাত্রী পরিবহন করলেই ব্যবস্থা-স্বরাষ্ট্রমন্ত্রী,0.0027539300225288,152.0,0.3079868796928721,30.798687969287208
20731583,"

মাদারগঞ্জে পাগলা কুকুরের কামড়ে ৭ জন আহত
",0.0026806300201401,154.0,0.2982220597335472,29.82220597335472
20732368,"

কম্বোডিয়ায় ‘সাইবার জালিয়াতিতে যুক্তদের’ উদ্ধার করছে ভারত
",0.0026792948926507997,155.0,0.2980441978081597,29.804419780815973
20731581,"

‘দেশে ন্যায় বিচার প্রতিষ্ঠার জন্য ল’ইয়ার্স কাউন্সিল কাজ করে যাচ্ছে’
",0.002659957528501,156.0,0.2954681285959191,29.54681285959191
20725343,"

২০ বছরের অধিক বয়সী বাস প্রত্যাহার করতে হবে : পরিবেশমন্ত্রী
",0.0026232801228641,157.0,0.2905820678735709,29.058206787357086
20725376,"

যুক্তরাষ্ট্রে অভিবাসীদের গুরুত্ব বোঝাচ্ছে বাল্টিমোর দুর্ঘটনা
",0.0026187553845673,158.0,0.28997929497600644,28.997929497600644
20730880,ক্যাম্পাসকে ছাত্ররাজনীতি মুক্ত রাখতে শিক্ষকদের পাশে চান তারা,0.0026171134104757,159.0,0.289760555810115,28.9760555810115
20731577,"

রাজধানীতে কিশোর গ্যাংয়ের ১৬ সদস্য আটক
",0.002614597353391,160.0,0.2894253737686575,28.94253737686575
20730867,এতিম ও দরিদ্রদের নিয়ে দিরাই রিপোর্টার্স ইউনিটির ইফতার,0.0026121173840453,161.0,0.2890949992341932,28.909499923419318
20730864,জুয়েলারি ব্যবসায়ীদের বিশেষ আর্থিক সেবা দেবে পকেট,0.0026111208691533,162.0,0.2889622463257339,28.896224632573393
20725382,"

নোয়াখালীতে ৭ দোকান আগুনে পুড়ে ছাই
",0.0026108955755653,163.0,0.2889322333482017,28.893223334820167
20725387,"

বাকপ্রতিবন্ধী সুমাইয়া উচ্চশিক্ষিত হয়ে স্বাবলম্বী হতে চায়
",0.0026101401591268,164.0,0.28883159889696175,28.883159889696174
20730662,"

কিডনি দিয়ে ছেলের প্রাণ রক্ষা করলেন বাবা
",0.0026100649499468,165.0,0.28882157974173595,28.882157974173595
20730653,"

জাতীয় বিশ্ববিদ্যালয় : অভিযুক্ত বড় মনিরকে অপসারণ
",0.0026099683214246,166.0,0.28880870716204327,28.880870716204328
20730652,"

ঈদের আগের মাসে রেমিট্যান্স প্রবাহে ভাটা
",0.0026099063254256,167.0,0.28880044822959167,28.880044822959167
20728696,"বেনজীরের সম্পদ বিস্ময়কর বিষয় নয়, এই রকম ঘটনা এখন স্বাভাবিক",0.0026098303610262,168.0,0.2887903284661634,28.879032846616344
20725776,"হত্যা মামলার আসামিরা প্রকাশ্যে, ধরছে না পুলিশ",0.0026098303610262,168.0,0.2887903284661634,28.879032846616344
20725409,"

এবারো শুরুটা ১০ উইকেটের হার দিয়ে
",0.0026098303610262,168.0,0.2887903284661634,28.879032846616344
20725440,"

বেনারসি পল্লীতে শাড়ির দামে বেকুব ক্রেতা
",0.0026098303610262,168.0,0.2887903284661634,28.879032846616344
20725735,যোগ-বিয়োগের ফাঁদে ফেলে অর্থ লুট,0.0026098303610262,168.0,0.2887903284661634,28.879032846616344
20729606,"

আফগানিস্তানে স্থলমাইন বিস্ফোরণে ৯ শিশু নিহত
",0.0026098303610262,168.0,0.2887903284661634,28.879032846616344
20725770,রায়পুরা আওয়ামী লীগের ইফতার ও দোয়া মাহফিল,0.0026098303610262,168.0,0.2887903284661634,28.879032846616344
20730202,"

ইসরাইলে আল জাজিরা বন্ধ করতে চাচ্ছেন নেতানিয়াহু
",0.0026098303610262,168.0,0.2887903284661634,28.879032846616344
20729614,"‘মোদি থামবে না, দুর্নীতির বিরুদ্ধে অভিযান চলবে’",0.0026098303610262,168.0,0.2887903284661634,28.879032846616344
20725781,‘গণতন্ত্র পুনরুদ্ধার না হওয়া পর্যন্ত আমাদের সংগ্রাম চলছে চলবে’,0.0026098303610262,168.0,0.2887903284661634,28.879032846616344
20729927,"

কুমিল্লায় যুবক খুনের দায়ে দু’জনের মৃত্যুদণ্ড
",0.0026098303610262,168.0,0.2887903284661634,28.879032846616344
20725783,মশিউর হত্যায় জড়িতদের শাস্তির দাবিতে মানববন্ধন,0.0026098303610262,168.0,0.2887903284661634,28.879032846616344
20727270,নতুন অধিনায়ক বাবরকে নিয়ে দেয়া আফ্রিদির বিবৃতিটি মিথ্যা,0.0026098303610262,168.0,0.2887903284661634,28.879032846616344
20729944,"

দুর্নীতি মামলায় সাবেক বিচারপতি জয়নুলের বিচার শুরু
",0.0026098303610262,168.0,0.2887903284661634,28.879032846616344
20725401,"

 বেক্সিমকোর ২ হাজার ৬২৫ কোটি টাকার বন্ড আসছে
",0.0026098303610262,168.0,0.2887903284661634,28.879032846616344
20725398,"

ঘাটাইলে শিক্ষার আলো ছড়াচ্ছে অনুসন্ধান স্কুল
",0.0026098303610262,168.0,0.2887903284661634,28.879032846616344
20725457,"

রাজাপুর থানায় সাংবাদিককে লাঞ্ছিত করার প্রতিবাদে মানববন্ধন
",0.0026098303610262,168.0,0.2887903284661634,28.879032846616344
20725449,"

অস্টিয়োপোরেসিসের সমস্যা! সুস্থ থাকতে ৩ পরামর্শ
",0.0026098303610262,168.0,0.2887903284661634,28.879032846616344
20725395,"

ঘাঘট নদীর ভাঙন আতঙ্কে পাশপাশের মানুষ
",0.0026098303610262,168.0,0.2887903284661634,28.879032846616344
20729613,কেজরিওয়ালকে ২ সপ্তাহের জন্য জেলে পাঠালো আদালত,0.0026098303610262,168.0,0.2887903284661634,28.879032846616344
20725764,নোয়াখালীতে চোরাই মোটরসাইকেলসহ যুবলীগ নেতা গ্রেপ্তার,0.0026098303610262,168.0,0.2887903284661634,28.879032846616344
20725749,গভীর রাতে খালেদা জিয়াকে হাসপাতালে ভর্তি,0.0026098303610262,168.0,0.2887903284661634,28.879032846616344
20728688,"

৭ উইকেট হারিয়ে ফলোঅনের শঙ্কায় বাংলাদেশ
",0.0026098303610262,168.0,0.2887903284661634,28.879032846616344
20725738,স্বামীর বিরুদ্ধে হয়রানির অভিযোগ অধিকারকর্মী সাধনার,0.0026098303610262,168.0,0.2887903284661634,28.879032846616344
20725739,ঝাঁঝালো বক্তব্য দিয়ে রাজনীতিতে নামলেন সুনীতা কেজরিওয়াল,0.0026098303610262,168.0,0.2887903284661634,28.879032846616344
20728162,"

নীলিমা পয়েন্ট থেকে ৪টি হরিণের চামড়া উদ্ধার
",0.0026098303610262,168.0,0.2887903284661634,28.879032846616344
20728163,"

যুদ্ধবিরতির আলোচনায় প্রতিনিধিদল পাঠানো নিয়ে দ্বিধাদ্বন্দ্বে হামাস
",0.0026098303610262,168.0,0.2887903284661634,28.879032846616344
20727262,"

টিকে থাকার লড়াইয়ে মাঠে নেমেছে বাংলাদেশ
",0.0026098303610262,168.0,0.2887903284661634,28.879032846616344
20725729,টাঙ্গাইলে নিয়ন্ত্রণহীন প্রাইভেটকারের ধাক্কায় নিহত ২,0.0026098303610262,168.0,0.2887903284661634,28.879032846616344
20725419,"

ভালো নেই জল্লাদ শাহজাহান তল্পিতল্পা নিয়ে পালাল স্ত্রী
",0.0026098303610262,168.0,0.2887903284661634,28.879032846616344
20725728,বশেমুরকৃবিতে ডিজিটাল স্কিলস্‌ ফর স্টুডেন্টস প্রশিক্ষণ,0.0026098303610262,168.0,0.2887903284661634,28.879032846616344
20725394,"

ব্রহ্মপুত্রের চর থেকে অটোরিকশাসহ জুয়ার সরঞ্জামাদি  উদ্ধার
",0.0026098303610262,168.0,0.2887903284661634,28.879032846616344
20725418,"

 টেকনাফে অপহৃত শিশু ২২ দিন পর লালমাই  থেকে উদ্ধার 
",0.0026098303610262,168.0,0.2887903284661634,28.879032846616344
20728168,এমবাপ্পের প্রশ্নে ‘বিরক্ত’ পিএসজি কোচ এনরিকে,0.0026098303610262,168.0,0.2887903284661634,28.879032846616344
20727105,কেন সরকারি অনুষ্ঠানে 'রেড কার্পেট' নিষিদ্ধ করেছে পাকিস্তান?,0.0026098303610262,168.0,0.2887903284661634,28.879032846616344
20725723,"২১ দিন পর ছোয়াদকে কুমিল্লা থেকে উদ্ধার, আটক ১৭",0.0026098303610262,168.0,0.2887903284661634,28.879032846616344
20725718,ফুটবলারের সঙ্গে প্রেম করে চাকরি হারালেন লেস্টার কোচ,0.0026098303610262,168.0,0.2887903284661634,28.879032846616344
20725414,"

দক্ষিণ কোরিয়া যাচ্ছেন সিইসি হাবিবুল আউয়াল
",0.0026098303610262,168.0,0.2887903284661634,28.879032846616344
20725761,সাবিনা-সানজিদাদের ঠিকানা নাসরিন স্পোর্টিং ক্লাব,0.0026098303610262,168.0,0.2887903284661634,28.879032846616344
20729936,"

তোশাখানা মামলায় ইমরান খানের সাজা বাতিল
",0.0026098303610262,168.0,0.2887903284661634,28.879032846616344
20730212,"

 ইসরাইল আল-শিফা থেকে সেনা প্রত্যাহার করেছে : হামাস
",0.0025822461343422997,208.0,0.28511563544422963,28.511563544422962
20725360,"
ভাঙ্গা-যশোর দ্রুতগতির ট্রেন 
অগ্রগতির নতুন নিদর্শন
",0.0025810878478576,209.0,0.28496133177962074,28.496133177962076
20727110,"বিক্ষোভে উত্তাল ইসরাইল, নেতানিয়াহুর পদত্যাগ দাবি",0.0025797870687401,210.0,0.2847880456476248,28.478804564762477
20730021,সন্ত্রাস ছাড়া সরকার টিকতে পারবে না: গয়েশ্বর,0.0025595450334672,211.0,0.2820914586952532,28.209145869525322
20725795,বুয়েটে জঙ্গি রাজনীতির প্রমাণ পেলে অ্যাকশন,0.0025525132594487,212.0,0.2811547055568127,28.11547055568127
20727271,যশোরে বিএনপির ৪৩ নেতাকর্মীকে কারাগারে প্রেরণ,0.0025374496338738,213.0,0.2791479717658155,27.91479717658155
20725438,"

সোহেল ও অমিতসহ বিএনপির ৫২ নেতা কারাগারে
",0.0025374496338738,213.0,0.2791479717658155,27.91479717658155
20725747,"প্রতিবাদে শিক্ষার্থী অভিভাবকদের বিক্ষোভ মিছিল, ভাঙচুর",0.0025323965936635,215.0,0.2784748199746443,27.847481997464428
20725425,"
রাজপথে মৃত্যুর হানা 
সড়কে প্রাণ গেল ৭ জনের
",0.0025298638628916,216.0,0.2781374167115189,27.81374167115189
20729939,"

ঘিওরে ৩০০ বছরের ঐতিহ্যবাহী জামাই মেলা শুরু
",0.002519690201453,217.0,0.27678211017621696,27.678211017621695
20725421,"
সাহায্যের আবেদন 
৩২ বছরের মামুন দেখতে শিশুর মতো
",0.002519690201453,217.0,0.27678211017621696,27.678211017621695
20725344,"

যারা ভারতের দালালি করে তাদেরকে প্রতিরোধ করতে হবে : মাওলানা জালালুদ্দীন 
",0.0025104578842265004,219.0,0.275552206866718,27.5552206866718
20725778,"ভোটের পরিবেশ সৃষ্টি হয়েছে, আরও হবে: রাশেদা সুলতানা",0.0025094452654869,220.0,0.2754173086490181,27.541730864901808
20731588,কিলোমিটারে বাস ভাড়া কমলো ৩ পয়সা,0.0024913325535672,221.0,0.2730043841591513,27.300438415915128
20728697,বাস ভাড়া কমতে পারে কিলোমিটারে ৩ পয়সা,0.0024913325535672,221.0,0.2730043841591513,27.300438415915128
20732377,আদালতের রায়ে আবরারের হত্যাকারীদের উৎসাহিত করা হয়েছে : রিজভী,0.0023779636904831996,223.0,0.25790170338244134,25.790170338244135
20725791,মুগ্ধর বোলিং আর খালিদের ব্যাটিংয়ে জয় শাইনপুকুরের,0.0023623876352929,224.0,0.25582670516070555,25.582670516070554
20725346,"

বুয়েটে জঙ্গিবাদের মতো কিছু পাওয়া গেলে অ্যাকশনে যেতে হবে : কাদের
",0.0022879826695759,225.0,0.2459146850975486,24.59146850975486
20732366,"

জামিনে মুক্তি পেলেন বিএনপির দুলু
",0.0022394040542715,226.0,0.2394431787283497,23.94431787283497
20725341,"

নারায়ণগঞ্জ বিএনপির ৪৫০ নেতাকর্মীর আগাম জামিন
",0.0021981860342102,227.0,0.23395223013541377,23.395223013541376
20725372,"

ইউক্রেনকে সাঁজোয়া যান ও ক্ষেপণাস্ত্র দেবে ফ্রান্স
",0.0021951744115794,228.0,0.23355103024705298,23.355103024705297
20725361,"
বিক্ষোভে উত্তাল বুয়েট 
ছাত্ররাজনীতিতে আপত্তি
",0.0021905505786453,229.0,0.23293505624088506,23.293505624088507
20725381,"

গোবিন্দগঞ্জে দুর্র্বৃত্তদের হাতে ব্যবসায়ী নিহত
",0.0021771745611108,230.0,0.23115314084196686,23.115314084196687
20725384,"

দাগনভূঞায় মশার কয়েল কারখানাকে জরিমানা 
",0.0021763108044204997,231.0,0.23103807360738865,23.103807360738866
20725386,"

ঝালকাঠিতে জমে উঠেছে ঈদ মার্কেট
",0.0021750948569044,232.0,0.2308760885025078,23.087608850250778
20725388,"

 সৈয়দপুর পৌর মেয়রের অপসারণ দাবি
",0.0021749968392721,233.0,0.23086303086947835,23.086303086947837
20725390,"

 পাথরঘাটায় এতিমদের নিয়ে প্রতিবন্ধী সোহাগের ইফতার
",0.0021748976877695,234.0,0.2308498221854397,23.08498221854397
20730203,"

রাজনগরে আগুনে পুড়ে বৃদ্ধার মৃত্যু
",0.0021748586341885,235.0,0.230844619577325,23.0844619577325
20725420,"

স্বামীকে বিষপ্রয়োগে হত্যা স্ত্রীর যাবজ্জীবন 
",0.0021748586341885,235.0,0.230844619577325,23.0844619577325
20725397,"

বিদ্যুৎ বিভ্রাটে ভোগান্তি বাড়ছে ফরিদপুরে
",0.0021748586341885,235.0,0.230844619577325,23.0844619577325
20725399,"

মার্কেন্টাইল ব্যাংকের ‘রামপুরা শাখা’ স্থানান্তর
",0.0021748586341885,235.0,0.230844619577325,23.0844619577325
20729941,"

আ’লীগ দেশকে দাসত্বের দিকে নিয়ে গেছে : আমিনুল হক
",0.0021748586341885,235.0,0.230844619577325,23.0844619577325
20729617,বুয়েটে রাজনীতি নিষিদ্ধের সিদ্ধান্ত স্থগিত,0.0021748586341885,235.0,0.230844619577325,23.0844619577325
20728165,"

৯ এপ্রিলের ছুটির সুপারিশ নাকচ
",0.0021748586341885,235.0,0.230844619577325,23.0844619577325
20729615,ভাই হত্যার বিচার চাইলেন শাহনূর,0.0021748586341885,235.0,0.230844619577325,23.0844619577325
20725348,"

 ব্যাংক ঋণের সুদ আরো বাড়ছে
",0.0021748586341885,235.0,0.230844619577325,23.0844619577325
20725416,"

কবি আবদুল হাই মাশরেকীর জন্মবার্ষিকী আজ
",0.0021748586341885,235.0,0.230844619577325,23.0844619577325
20730026,খালেদা জিয়াকে হাসপাতালে দেখতে ফখরুল-আব্বাস,0.0021748586341885,235.0,0.230844619577325,23.0844619577325
20729609,"

বাসের ভাড়া কমছে ৩ পয়সা
",0.0021748586341885,235.0,0.230844619577325,23.0844619577325
20725403,"

স্ট্যান্ডার্ড ব্যাংকের ৩৮৯তম বোর্ডসভা অনুষ্ঠিত
",0.0021748586341885,235.0,0.230844619577325,23.0844619577325
20728689,"

শায়েস্তাগঞ্জে ট্রেনের ধাক্কায় নিহত ১
",0.0021748586341885,235.0,0.230844619577325,23.0844619577325
20728690,"

সারাদেশে বাড়বে দিন, কমবে রাতের তাপমাত্রা
",0.0021748586341885,235.0,0.230844619577325,23.0844619577325
20730211,"

তৃতীয় দিন শেষেও চালকের আসনে শ্রীলঙ্কা
",0.0021748586341885,235.0,0.230844619577325,23.0844619577325
20728694,নেপালের হোকসি যেভাবে কিডনি ভ্যালি,0.0021748586341885,235.0,0.230844619577325,23.0844619577325
20729937,"

পৃথিবী ঘুরে দেখার স্বপ্ন শাফায়েতের
",0.0021748586341885,235.0,0.230844619577325,23.0844619577325
20725417,"

 না’গঞ্জে ধর্ষণের পর হত্যা তিনজনের যাবজ্জীবন 
",0.0021748586341885,235.0,0.230844619577325,23.0844619577325
20726939,"

কালবৈশাখী ঝড় ও শিলাবৃষ্টিতে বিপর্যস্ত সিলেট
",0.0021748586341885,235.0,0.230844619577325,23.0844619577325
20725801,সরাইলে ৩ মাসে ৫ খুন,0.0021748586341885,235.0,0.230844619577325,23.0844619577325
20725756,বাংলাদেশের ভুলে ভুলে শ্রীলঙ্কার ‘রেকর্ড’,0.0021748586341885,235.0,0.230844619577325,23.0844619577325
20725441,"

তুরস্কে স্থানীয় নির্বাচনে ভোট গ্রহণ
",0.0021748586341885,235.0,0.230844619577325,23.0844619577325
20725759,অবশেষে প্রথম গ্র্যান্ডমাস্টার নর্ম পেলেন ফাহাদ,0.0021748586341885,235.0,0.230844619577325,23.0844619577325
20726938,"

ম্যানসিটি-আর্সেনালের ড্রয়ে জিতল লিভারপুল
",0.0021748586341885,235.0,0.230844619577325,23.0844619577325
20725962,"

মোটরসাইকেল দুর্ঘটনায় হলিউড অভিনেতার মৃত্যু
",0.0021748586341885,235.0,0.230844619577325,23.0844619577325
20725805,৫০৮ কোটিতে বাড়ি কিনলেন লোপেজ,0.0021748586341885,235.0,0.230844619577325,23.0844619577325
20725765,মৌলভীবাজারে খেলাফত মজলিসের ইফতার মাহফিল,0.0021748586341885,235.0,0.230844619577325,23.0844619577325
20725468,"

জেলেনস্কির আয় বেড়ে তিন গুণ
",0.0021748586341885,235.0,0.230844619577325,23.0844619577325
20725752,আত্মসমর্পণের পর বিএনপি নেতা সোহেল কারাগারে,0.0021748586341885,235.0,0.230844619577325,23.0844619577325
20725794,দেশ শ্রীলঙ্কা হবে যারা ভেবেছিল তাদের ধারণা ভুল,0.0021748586341885,235.0,0.230844619577325,23.0844619577325
20725453,"
হেলথ টিপস 
কিডনিতে পাথরে করণীয়
",0.0021748586341885,235.0,0.230844619577325,23.0844619577325
20725790,টি-টোয়েন্টি দিয়ে শুরু হচ্ছে আঞ্চলিক ক্রিকেট সংস্থা,0.0021748586341885,235.0,0.230844619577325,23.0844619577325
20725775,রাজাপুরে সাংবাদিককে লাঞ্ছিতের প্রতিবাদে মানববন্ধন,0.0021748586341885,235.0,0.230844619577325,23.0844619577325
20725462,"

বদর যুদ্ধের শহীদ সাহাবায়ে কিরাম
",0.0021748586341885,235.0,0.230844619577325,23.0844619577325
20725786,রামগঞ্জ প্রেস ক্লাবের ইফতার মাহফিল,0.0021748586341885,235.0,0.230844619577325,23.0844619577325
20725785,কিশোরগঞ্জে মনি হত্যা মামলা তুলে নিতে হুমকি,0.0021748586341885,235.0,0.230844619577325,23.0844619577325
20726942,আজ ঢাকার বায়ু সংবেদনশীল গোষ্ঠীর জন্য অস্বাস্থ্যকর,0.0021748586341885,235.0,0.230844619577325,23.0844619577325
20725460,"

সরকারি অনুষ্ঠানে লাল গালিচা নয় : শাহবাজ
",0.0021748586341885,235.0,0.230844619577325,23.0844619577325
20727081,"

ঢাকায় ওভারব্রিজে আটকে গেলো উড়োজাহাজ!
",0.0021748586341885,235.0,0.230844619577325,23.0844619577325
20725726,কুমিল্লায় বিএনপি’র ইফতার মাহফিল অনুষ্ঠিত,0.0021748586341885,235.0,0.230844619577325,23.0844619577325
20725732,বেক্সিমকো’র ২৬২৫ কোটি টাকার বন্ড অনুমোদন,0.0021748586341885,235.0,0.230844619577325,23.0844619577325
20725730,ডুমুরিয়ায় সড়ক দুর্ঘটনায় নিহত ১,0.0021748586341885,235.0,0.230844619577325,23.0844619577325
20725431,"

বেনাপোল বন্দর ছাড়ছেন অসাধু আমদানিকারকরা
",0.0021748586341885,235.0,0.230844619577325,23.0844619577325
20725742,ঈদের ছুটি একদিন বাড়ানোর সুপারিশ,0.0021748586341885,235.0,0.230844619577325,23.0844619577325
20727263,"

ফরিদপুরে গাড়িচাপায় বাবা-ছেলে নিহত
",0.0021748586341885,235.0,0.230844619577325,23.0844619577325
20727264,"

ঈদে ছুটি ১ দিন বাড়বে কি না সিদ্ধান্ত আজ
",0.0021748586341885,235.0,0.230844619577325,23.0844619577325
20725733,সিলেটে রওশন ও জব্বারের সম্পদের পাহাড়,0.0021748586341885,235.0,0.230844619577325,23.0844619577325
20727106,বিলবাওকে হারিয়ে শিরোপার আরো কাছে রিয়াল,0.0021748586341885,235.0,0.230844619577325,23.0844619577325
20725456,"

জবির বিতর্কিত কর্মকর্তা আলতাফকে অপসারণ 
",0.0021546324759863,284.0,0.22815014772361397,22.815014772361398
20729928,"

সরকার ত্রাসের রাজত্ব কায়েম করে নাই : কাদের
",0.0021423530219563,285.0,0.22651431342764894,22.651431342764894
20725763,"‘ভোটে আমরা হারিনি, ম্যাকানিজম করে হারানো হইছে’",0.0021374184554451,286.0,0.225856944369137,22.585694436913702
20730869,আদালতের রায় আবরারের হত্যাকারীদের উৎসাহিত করেছে: রিজভী,0.002133517218758,287.0,0.22533723260069488,22.53372326006949
20725452,"

ঠাকুরগাঁওয়ের ঐতিহাসিক জিনের মসজিদ নিয়ে যত কথা
",0.0021225322754072,288.0,0.2238738493730228,22.38738493730228
20727083,"

গাজীপুরের শ্রীপুরে টাইলস কারখানায় আগুন
",0.0021200387507132,289.0,0.22354166903321976,22.354166903321975
20725383,"

নাঙ্গলকোট পৌরসভা বিএনপির ইফতার মাহফিল
",0.0021033624619937,290.0,0.22132010079817233,22.13201007981723
20730206,"

লাভলী রহমানের মৃত্যু, বিএনপির শোক
",0.0021024779070361,291.0,0.22120226287697708,22.120226287697708
20730024,আদালতের আদেশ শিরোধার্য: বুয়েট ভিসি,0.0020872684183548,292.0,0.21917609761358847,21.917609761358847
20732371,"

জবির আইন বিভাগের চেয়ারম্যানের পদত্যাগ
",0.0020492008828857,293.0,0.21410484770857785,21.410484770857785
20725445,"

বুয়েটের ছাত্র আন্দোলন নিয়ে অ্যাকশনের হুমকি
",0.0020376465052235997,294.0,0.21256560604506258,21.25656060450626
20732372,"

এই সরকার জনগণের ভোটে নির্বাচিত নয় : প্রিন্স
",0.0019876408471,295.0,0.20590399304899298,20.5903993048993
20725339,"

গণমাধ্যমকে দেশের ইতিবাচক দিক তুলে ধরতে হবে : পররাষ্ট্রমন্ত্রী
",0.0019533203747386,296.0,0.2013319163422162,20.13319163422162
20725350,"

কায়রোয় আবার গাজার যুদ্ধবিরতি আলোচনা শুরু
",0.0018912792705637,297.0,0.19306697510615684,19.306697510615685
20725355,"

মুহিনের কণ্ঠে এবার স্বাধীনতার গান
",0.0018626334183297999,298.0,0.18925085531720875,18.925085531720875
20725351,"

 সেপটিক ট্যাংকে শিক্ষার্থীর লাশ
",0.0018365602012499998,299.0,0.1857774547408414,18.57774547408414
20725359,"

সৃজনশীলতা বৃদ্ধিতে ভিডিও গেমস
",0.0018012966367954,300.0,0.18107974196046228,18.10797419604623
20725368,"
গল্পকথা 
রিশা রাফির দিনগুলো
",0.0017834586634405,301.0,0.1787034173687364,17.87034173687364
20732369,"

সিলেটের শিলাবৃষ্টির আকার কি অস্বাভাবিক?
",0.0017514606117325,302.0,0.1744407270031771,17.444072700317708
20730877,ঢাকায় অনারের আরও নতুন দুটি আউটলেট উদ্বোধন,0.0017428157184003,303.0,0.17328907865112309,17.32890786511231
20730209,"

৪ হাজার রানে ক্লাবে মুমিনুল
",0.0017398869073508,304.0,0.17289891068848662,17.28989106884866
20725773,ভারত থেকে এলো পিয়াজের প্রথম চালান,0.0017398869073508,304.0,0.17289891068848662,17.28989106884866
20725714,এমি জান্নাতের ‘মনের বারণ’,0.0017398869073508,304.0,0.17289891068848662,17.28989106884866
20725746,এবার ঢাবি’র কোয়ার্টারে শিক্ষার্থীর আত্মহত্যা,0.0017398869073508,304.0,0.17289891068848662,17.28989106884866
20727268,সিটি-আর্সেনাল মহারণ ড্র,0.0017398869073508,304.0,0.17289891068848662,17.28989106884866
20725758,বাংলাদেশকে পার্থক্য বোঝাচ্ছে অস্ট্রেলিয়া,0.0017398869073508,304.0,0.17289891068848662,17.28989106884866
20725722,রাজশাহীতে জমে উঠেছে ঈদবাজার,0.0017398869073508,304.0,0.17289891068848662,17.28989106884866
20725740,বাবা-ছেলের কোটি টাকার প্রতারণা,0.0017398869073508,304.0,0.17289891068848662,17.28989106884866
20725768,সুনামগঞ্জে দোকানিকে ছুরিকাঘাতে হত্যা,0.0017398869073508,304.0,0.17289891068848662,17.28989106884866
20727269,কেন আয়ারল্যান্ড ইউরোপের মধ্যে সবচেয়ে ফিলিস্তিনপন্থী,0.0017398869073508,304.0,0.17289891068848662,17.28989106884866
20730023,নির্যাতন করে বিএনপিকে দমিয়ে রাখা যাবে না: আমিনুল,0.0017398869073508,304.0,0.17289891068848662,17.28989106884866
20725803,ঈদে শাওন-সাদিয়ার ‘ধানসিঁড়ি’,0.0017398869073508,304.0,0.17289891068848662,17.28989106884866
20727267,৯ই এপ্রিল ছুটিতে মন্ত্রিসভার না,0.0017398869073508,304.0,0.17289891068848662,17.28989106884866
20727265,"

বিপদে বাংলাদেশ, নেই ৪ উইকেট
",0.0017398869073508,304.0,0.17289891068848662,17.28989106884866
20727109,দৃঢ়তা দেখাচ্ছেন জাকির-তাইজুল,0.0017398869073508,304.0,0.17289891068848662,17.28989106884866
20725428,"

কুয়ালালামপুরে দেশীয় ইফতারসামগ্রীর পসরা
",0.0017398869073508,304.0,0.17289891068848662,17.28989106884866
20725410,"

সাবিনাদের নিয়ে নাসরিনের ট্রফির স্বপ্ন
",0.0017398869073508,304.0,0.17289891068848662,17.28989106884866
20725408,"

অবশেষে জিএম নর্ম ফাহাদের
",0.0017398869073508,304.0,0.17289891068848662,17.28989106884866
20727080,"

প্রাণ গ্রুপে চাকরির সুযোগ
",0.0017398869073508,304.0,0.17289891068848662,17.28989106884866
20729603,"

উল্লাপাড়ায় মহাসড়ক থেকে লাশ উদ্ধার
",0.0017398869073508,304.0,0.17289891068848662,17.28989106884866
20729605,"

নেতানিয়াহুবিরোধী বিক্ষোভে উত্তাল ইসরাইল
",0.0017398869073508,304.0,0.17289891068848662,17.28989106884866
20725405,"

বাজারের নতুন পণ্য ‘লাক্সারি ম্যাট’
",0.0017398869073508,304.0,0.17289891068848662,17.28989106884866
20729610,"

বুয়েটে ছাত্ররাজনীতিতে কোনো বাধা নেই : হাইকোর্ট
",0.0017398869073508,304.0,0.17289891068848662,17.28989106884866
20729611,"

নতুন ভেন্যুতে একই গল্প বাংলাদেশের, তবে করতে হচ্ছে না ফলোঅন
",0.0017398869073508,304.0,0.17289891068848662,17.28989106884866
20729616,সুন্দোরা ঈদে বিশাল মূল্যছাড়!,0.0017398869073508,304.0,0.17289891068848662,17.28989106884866
20725769,কয়রায় যুবকের লাশ উদ্ধার,0.0017398869073508,304.0,0.17289891068848662,17.28989106884866
20725802,মোশাররফ-মাহির ‘নেশার লাটিম’,0.0017398869073508,304.0,0.17289891068848662,17.28989106884866
20729942,"

ফের ইরাক থেকে ইসরাইলে ড্রোন হামলা
",0.0017398869073508,304.0,0.17289891068848662,17.28989106884866
20725459,"

ক্যাম্পাসে নারী শিক্ষার্থীর নিরাপত্তা
",0.0017398869073508,304.0,0.17289891068848662,17.28989106884866
20725450,"

ক্যাম্পাসে নারী শিক্ষার্থীর নিরাপত্তা
",0.0017398869073508,304.0,0.17289891068848662,17.28989106884866
20729934,"

রাজনগরে অগ্নিকাণ্ডে বৃদ্ধার মৃত্যু
",0.0017398869073508,304.0,0.17289891068848662,17.28989106884866
20727082,"

ডিএমপির অভিযানে গ্রেফতার ২৯
",0.0017342942387934,335.0,0.17215387112811126,17.215387112811126
20725737,ছাত্রলীগ জোর করে বিশ্ববিদ্যালয় দখলের চেষ্টা করছে,0.0016291814873907,336.0,0.15815104630644566,15.815104630644566
20725797,ক্ষমতা দেখিয়ে বুয়েটে ছাত্রলীগ,0.0016291814873907,336.0,0.15815104630644566,15.815104630644566
20732378,শিক্ষাঙ্গনকে কলুষিত করেছে ছাত্রলীগ: এবি পার্টি,0.0016213065888286,338.0,0.1571019744899254,15.710197448992542
20725724,স্থাপত্য শিল্পে বঙ্গবন্ধুর মুখচ্ছবি,0.0015824866418535002,339.0,0.15193049044232293,15.193049044232293
20725349,"

খালেদা জিয়া সিসিইউতে
",0.0014107370998463,340.0,0.12905049997651968,12.905049997651968
20725358,"

আসছে নতুন আইপ্যাড প্রো
",0.0013482003251425,341.0,0.12071952690804393,12.071952690804393
20725363,"

ইসলামে পানির গুরুত্ব 
",0.0013358754284779001,342.0,0.11907763887223048,11.907763887223048
20725362,"

বদর যুদ্ধ যা শিক্ষণীয় 
",0.0013345900487866,343.0,0.11890640420843936,11.890640420843935
20725366,"

আল কুরআনের বাণী
",0.001328937051497,344.0,0.11815332782420167,11.815332782420167
20725369,"
জানা-অজানা 
চিরতার গুণ
",0.0013251178844287,345.0,0.11764454913932838,11.764454913932838
20730871,ঈদের আগে রেমিট্যান্স কমলো,0.00130493331882,346.0,0.11495561813382925,11.495561813382924
20729604,"

চীনের অর্থনীতিতে এখন ঠিক কী চলছে!
",0.0013049151805131,347.0,0.11495320179964814,11.495320179964814
20725433,"

রিক চায় বোকা হতে!
",0.0013049151805131,347.0,0.11495320179964814,11.495320179964814
20727103,মেজাজ হারালেন সারা,0.0013049151805131,347.0,0.11495320179964814,11.495320179964814
20725432,"

 ঝড়ের কবলে উড়োজাহাজ
",0.0013049151805131,347.0,0.11495320179964814,11.495320179964814
20725379,"

অর্থনীতির জন্য এই মুহূর্তের বিবেচনা
",0.0013049151805131,347.0,0.11495320179964814,11.495320179964814
20725442,"

 মালয়েশিয়ার শ্রমবাজার আজ থেকে বন্ধ হলো  
",0.0013049151805131,347.0,0.11495320179964814,11.495320179964814
20725423,"

আজ থেকে  সুন্দরবনে মধু আহরণ শুরু
",0.0013049151805131,347.0,0.11495320179964814,11.495320179964814
20725467,"

অর্থনীতির জন্য এই মুহূর্তের বিবেচনা
",0.0013049151805131,347.0,0.11495320179964814,11.495320179964814
20729618,প্রথমবার উপস্থাপনায় ইমরান,0.0013049151805131,347.0,0.11495320179964814,11.495320179964814
20725717,রেকর্ড গড়লো ‘ক্রু’,0.0013049151805131,347.0,0.11495320179964814,11.495320179964814
20725760,ব্যাটারদের দিকে তাকিয়ে বাংলাদেশ,0.0013049151805131,347.0,0.11495320179964814,11.495320179964814
20725463,"

ঈদের বিশেষ নাটক ‘আমরা বোকা না’
",0.0013049151805131,347.0,0.11495320179964814,11.495320179964814
20729943,"

তাপপ্রবাহে পুড়ছে চুয়াডাঙ্গা
",0.0013049151805131,347.0,0.11495320179964814,11.495320179964814
20725411,"

নতুন বলটা হুমকি : হেম্প
",0.0013049151805131,347.0,0.11495320179964814,11.495320179964814
20725466,"

পদত্যাগ করবেন না পেরুর প্রেসিডেন্ট
",0.0012748718882269999,361.0,0.11095091898110944,11.095091898110944
20725715,অন্য এক কিয়ারা,0.0008699434536754,362.0,0.057007492910809726,5.700749291080973
20725787,নিপুণের দাবি,0.0008699434536754,362.0,0.057007492910809726,5.700749291080973
20725804,‘আমাদের মাঝে কোনো ঝামেলা নেই’,0.0008699434536754,362.0,0.057007492910809726,5.700749291080973
20725378,"

ইদানীং প্রাসঙ্গিক
",0.0008699434536754,362.0,0.057007492910809726,5.700749291080973
20725716,অন্যরকম শনিবার,0.0008699434536754,362.0,0.057007492910809726,5.700749291080973
20725774,"ফি আছে, সেবা নেই",0.0008699434536754,362.0,0.057007492910809726,5.700749291080973
20725407,"

লিভারপুল জয়ী
",0.0008699434536754,362.0,0.057007492910809726,5.700749291080973
20725461,"

ইদানীং প্রাসঙ্গিক
",0.0008699434536754,362.0,0.057007492910809726,5.700749291080973
20725365,"

হাদিসের কথা
",0.0008306750398975,370.0,0.05177626537829087,5.177626537829087
20725364,"

প্রশ্নোত্তর
",0.0004483410409329,371.0,0.0008428064075778896,0.08428064075778896
20725367,"

ইতিহাসে আজ
",0.0004465524964266,372.0,0.000604541543674536,0.060454154367453605
20725371,"

পেকারি  
",0.0004420144817187,373.0,0.0,0.0
