word,weight
বিরোধী,0.0004940444572025844
অর্থমন্ত্রী,0.0004940444572025836
ভারতের,0.0004931930810200463
ব্যাংক,0.0004931930810200456
গ্রেফতার,0.0004923509819275184
ঋণের,0.0004923509819275176
জোটকে,0.0004916799383594665
কেটে,0.0004916799383594656
কেজরিওয়ালের,0.0004915180771231018
সুদ,0.0004915180771231011
সম্ভব,0.0004906942843555803
আরো,0.0004906942843555795
মৃত্যুরোধ,0.0004898795219397716
বাড়ছে,0.0004898795219397708
এককাট্টা,0.0004893132948868441
দ্বিধাদ্বন্দ্ব,0.0004893132948868431
অকাল,0.0004890737087689469
খালেদা,0.0004890737087689461
লাখ,0.0004882767643246331
জিয়া,0.00048827676432463234
১১,0.00048748860868408296
সিসিইউতে,0.00048748860868408226
পারবে,0.0004869445022701439
পরিস্থিতি,0.00048694450227014296
বাস্তবায়ন,0.00048670916252566636
কায়রোয়,0.0004867091625256657
প্রস্তাব,0.00048593834713241076
গাজার,0.0004859383471324102
বাজেট,0.00048517608439389745
যুদ্ধবিরতি,0.00048517608439389696
জামিনে,0.0004845735356859731
অর্থনৈতিক,0.00048457353568597217
বিরোধীদের,0.00048442229680669574
আলোচনা,0.0004844222968066952
তামাক,0.0004836769074735021
সেপটিক,0.00048367690747350145
পীর,0.0004829398401011322
ট্যাংকে,0.00048293984010113156
চরমোনাই,0.00048221101899750086
শিক্ষার্থীর,0.0004822110189975002
মুক্তি,0.0004822003699962733
দেশের,0.0004822003699962725
চলছে,0.00048149036906770863
লাশ,0.00048149036906770787
অপপ্রচার,0.0004807778158093446
৯,0.00048077781580934385
সিন্ডিকেটভিত্তিক,0.00048007328530710246
এপ্রিল,0.00048007328530710186
পেলেন,0.0004798249797423268
কাদের,0.000479824979742326
বিরুদ্ধে,0.00047937670422679754
ছুটির,0.00047937670422679694
ইসলামের,0.00047868799980886275
সুপারিশ,0.0004786879998088621
সভাপতি,0.0004780070998613963
সরকারের,0.0004780070998613956
বিএনপির,0.0004774473391386093
অ্যাকশনে,0.00047744733913860846
শিবির,0.0004773339327528228
অভিযোগ,0.00047733393275282217
ছাত্রলীগ,0.00047666842740422705
আমলে,0.00047666842740422646
দিচ্ছেনা,0.00047601051328140974
নিলে,0.00047601051328140915
সংগঠনকে,0.0004753601203867144
ফেসবুক,0.00047536012038671387
দুলু,0.0004750674220664866
পাওয়া,0.00047506742206648584
মতালম্বী,0.00047471717925066427
ইউটিউব,0.0004747171792506636
ভিন্ন,0.00047408162092344786
বন্ধ,0.00047408162092344726
ক্যাম্পাসের,0.00047345337696628705
উইকেট,0.00047345337696628656
পয়সা,0.00047283237944271663
হারালে,0.00047283237944271614
বিরাজনীতিকরণের,0.0004726852020677486
জঙ্গিবাদের,0.00047268520206774777
৩,0.0004722185609098023
শেষ,0.0004722185609098018
কমলো,0.0004716118544093221
বিকেলটা,0.00047161185440932154
ভাড়া,0.00047101219345893126
হতো,0.00047101219345893066
বাস,0.0004704195120433311
বাংলাদেশের,0.0004704195120433305
নামে,0.00047030065233797513
বুয়েটে,0.00047030065233797427
কিলোমিটারে,0.0004698337446054574
ইমন,0.0004698337446054568
হামাসের,0.0004692548260377043
সাহার,0.00046925482603770363
অভিযোগ,0.00046868269167319707
হাত,0.0004686826916731965
ফাতাহ,0.0004681172772771255
ধরেই,0.0004681172772771249
বুয়েটকে,0.00046791374571972976
কাদের,0.0004679137457197289
পাঠিয়েছে,0.00046755851903814723
প্লেব্যাকে,0.00046755851903814674
বাহিনী,0.0004670063535598725
অভিষেক,0.000467006353559872
গাজায়,0.00046646071785243546
মুহিনের,0.0004664607178524349
সমন্বয়,0.00046592154932416135
কণ্ঠে,0.00046592154932416076
জঙ্গিবাদের,0.0004655244546955743
আবদুল,0.0004655244546955735
সাথে,0.0004653887857733344
স্বাধীনতার,0.00046538878577333394
ইসরাইলের,0.0004648623653800717
গান,0.00046486236538007117
কার্যকর,0.0004643422266983074
ব্রডব্যান্ডের,0.00046434222669830685
মঙ্গলবার,0.0004638283086478913
চেয়ে,0.0004638283086478908
প্রজ্ঞাপন,0.0004633205505068045
৪৫,0.0004633205505068041
আখড়া,0.00046313275138089907
ম,0.0004631327513808982
কমিয়ে,0.000462818891903495
লাখ,0.0004628188919034947
পয়সা,0.00046232327280933475
গুণ,0.00046232327280933437
৩,0.0004618336335311999
দ্রুতগতির,0.0004618336335311995
কিলোমিটারে,0.000461349914704176
ইন্টারনেট,0.00046134991470417563
ভাড়া,0.0004608720572843877
ঈদে,0.0004608720572843873
বানানো,0.0004607386075165623
ক,0.00046073860751656145
বাস,0.0004604000025419546
মি,0.0004604000025419542
খান,0.00045993369205407273
ফ্যানদের,0.0004599336920540724
মঈন,0.0004594730676982213
শাওমির,0.0004594730676982208
ড.,0.00045901807164549504
ঈদ,0.0004590180716454947
যায়,0.00045856864635406176
উইথ,0.00045856864635406133
পররাষ্ট্রমন্ত্রী,0.0004583419944613334
আ,0.00045834199446133253
থামিয়ে,0.0004581247345627428
মি,0.0004581247345627423
বন্দুক,0.0004576862792847173
ক্যাম্পেইন,0.0004576862792847169
আন্দোলন,0.0004572532238013486
আসছে,0.0004572532238013482
মানুষের,0.00045682551165613093
আইপ্যাড,0.00045682551165613045
শান্তিকামী,0.0004564030866487556
প্রো,0.0004564030866487551
ইমরান,0.00045598589282929607
সৃজনশীলতা,0.0004559858928292956
কম্বোডিয়ায়,0.0004559428831841315
রাখতে,0.0004559428831841307
সম্পাদক,0.000455573874492509
বৃদ্ধিতে,0.00045557387449250854
মাহিন,0.0004551669761722505
ভিডিও,0.00045516697617225
সভাপতি,0.00045476514263600597
গেমস,0.00045476514263600553
ছাত্রফোরামের,0.00045436831887953175
ভাঙ্গা,0.0004543683188795312
রংপুর,0.0004539764501216069
যশোর,0.00045397645012160636
ঢাকাস্থ,0.00045358948179889316
দ্রুতগতির,0.0004535894817988927
সাইবার,0.000453541244256055
ভূমিকা,0.00045354124425605414
আহত,0.000453207359560902
ট্রেন,0.0004532073595609015
৭,0.0004528300292650659
অগ্রগতির,0.0004528300292650655
কামড়ে,0.00045245743697191294
নিদর্শন,0.0004524574369719126
কুকুরের,0.0004520895289403426
বিক্ষোভে,0.00045208952894034224
পাগলা,0.0004517262516230007
উত্তাল,0.0004517262516230003
মাদারগঞ্জে,0.0004513675516617522
বুয়েট,0.00045136755166175175
জালিয়াতিতে,0.00045113704784219245
গুরুত্বপূর্ণ,0.0004511370478421916
কলেজছাত্রের,0.00045101337588324933
ছাত্ররাজনীতিতে,0.0004510133758832489
প্রাণ,0.0004506636712945942
আপত্তি,0.0004506636712945938
বাঁচাতে,0.0004503183850790929
বদর,0.0004503183850790926
আত্মহত্যা,0.0004499774645921002
যুদ্ধ,0.00044997746459209966
গৃহবধূর,0.0004496408573569525
শিক্ষণীয়,0.00044964085735695194
দিয়ে,0.00044930851106098817
ইসলামে,0.00044930851106098773
ঝাঁপ,0.0004489803735516524
পানির,0.00044898037355165193
যুক্তদের,0.0004487302636932093
ইমামরা,0.0004487302636932084
নিচে,0.00044865791285110524
গুরুত্ব,0.00044865791285110475
ট্রেনের,0.00044834104093294355
প্রশ্নোত্তর,0.000448341040932943
কাউন্সিল,0.00044802967184111493
হাদিসের,0.00044802967184111444
ল’ইয়ার্স,0.00044772372161782243
কথা,0.00044772372161782194
প্রতিষ্ঠার,0.00044742310823473364
আল,0.0004474231082347331
বিচার,0.0004471277515273066
কুরআনের,0.0004471277515273061
ন্যায়,0.0004468375731320598
বাণী,0.00044683757313205923
দেশে,0.00044655249642662183
ইতিহাসে,0.00044655249642662124
উদ্ধার,0.0004463208611367017
প্রতিরোধে,0.0004463208611367008
বৈঠক,0.0004462724464724093
গল্পকথা,0.0004462724464724087
গোপন,0.00044599734995979064
রিশা,0.0004459973499597901
বাড়িতে,0.0004457271351556029
রাফির,0.0004457271351556023
জেসমিনের,0.00044546173185289607
দিনগুলো,0.0004454617318528955
চেয়ারম্যান,0.0004452010713227892
অজানা,0.00044520107132278865
ইউপি,0.00044494508626832785
চিরতার,0.00044494508626832726
হত্যা,0.00044469371078024024
গুণ,0.00044469371078023964
ফুয়াদ,0.00044444688029449575
উ,0.0004444468802944953
টাকা,0.0004442045315515753
জ,0.0004442045315515749
৩,0.00044396660255736724
বে,0.00044396660255736664
ভারত,0.00044390880906830987
আগ্রাসন,0.000443908809068309
পৌনে,0.0004437330325456091
স্তা,0.00044373303254560854
খরচ,0.00044350376194180065
নে,0.0004435037619418001
লীগের,0.00044327873232851523
রূ,0.0004432787323285146
আওয়ামী,0.0004430578864120431
প,0.0004430578864120425
ভোটে,0.00044284116799030425
ক,0.0004428411679903036
জানুয়ারির,0.0004426285219219697
থা,0.0004426285219219691
৭,0.00044241989409673577
মৎস্য,0.0004424198940967351
বন্ধ,0.00044221523140669777
কুমার,0.0004422152314066971
সরবরাহ,0.0004420144817187729
পেকারি,0.00044201448171877236
ওষুধ,0.00044181759384812476
ইউক্রেনকে,0.0004418175938481241
হাসপাতালে,0.00044162451753254405
সাঁজোয়া,0.0004416245175325434
সিলেটের,0.00044149407594258226
অপসংস্কৃতির,0.00044149407594258134
ক্লিনিক,0.00044143520340774367
ক্ষেপণাস্ত্র,0.000441435203407743
বেসরকারি,0.0004412496029835272
দেবে,0.00044124960298352656
ভৈরবে,0.00044106766862079264
ফ্রান্স,0.00044106766862079204
প্রতিবাদে,0.0004408893535093353
দিল্লিকে,0.00044088935350933457
চাঁদাবাজির,0.0004407146116464151
পূর্ণ,0.0004407146116464144
আটক,0.00044054339781605646
রাজ্যের,0.00044054339781605576
সদস্য,0.00044037566756904904
মর্যাদাসহ,0.00044037566756904834
১৬,0.00044021137720361993
কেজরিওয়ালের,0.0004402113772036192
গ্যাংয়ের,0.0004400504837467498
নির্বাচনী,0.0004400504837467491
কিশোর,0.0004398929449361063
ছয়,0.0004398929449361055
রাজধানীতে,0.00043973871920256925
প্রতিশ্রুতি,0.0004397387192025685
ইসরাইল,0.0004395877656533237
পাকিস্তানে,0.000439587765653323
করল,0.0004394400440554982
দাঙ্গার,0.00043944004405549746
আটক,0.00043929551482032605
ঘটনায়,0.0004392955148203253
৫০০,0.0004391541389878092
৫১,0.0004391541389878085
শিলাবৃষ্টির,0.0004390766297635817
মাহফিল,0.00043907662976358085
হাসপাতাল,0.00043901587821186506
৫,0.00043901587821186435
শিফা,0.00043888069474593694
বছর,0.00043888069474593624
আল,0.0004387485514290506
কারাদণ্ড,0.0004387485514290499
সভাপতি,0.0004386194116722997
সিরিয়ায়,0.000438619411672299
শিবির,0.0004384932394457435
গাড়িবোমা,0.00043849323944574283
ছাত্রলীগ,0.0004383699992657015
বিস্ফোরণে,0.0004383699992657009
দিচ্ছে,0.00043824965618243037
নিহত,0.0004382496561824298
সংগঠনকে,0.00043813217576816796
৭,0.00043813217576816737
মতালম্বী,0.0004380175241055321
আহত,0.00043801752410553145
ভিন্ন,0.0004379056677762599
৩০,0.0004379056677762593
ক্যাম্পাসগুলোতে,0.0004377965738502763
যুক্তরাষ্ট্রে,0.0004377965738502757
ব্যাংক,0.00043769020987507887
অভিবাসীদের,0.0004376902098750782
ন্যাশনাল,0.0004375865438654282
গুরুত্ব,0.00043758654386542753
করলো,0.00043748554429333316
বোঝাচ্ছে,0.00043748554429333256
কার্ড,0.0004373871800783194
বাল্টিমোর,0.00043738718007831876
ওমরাহ,0.0004372914205779726
দুর্ঘটনা,0.00043729142057797194
প্রথমবারের,0.00043719823557874577
সাগর,0.00043719823557874507
দেশে,0.00043710759528702226
আকাশপথে,0.0004371075952870216
পাশে,0.000437019470320425
শেনজেন,0.00043701947032042434
শিক্ষকদের,0.00043693383169936365
অঞ্চলে,0.00043693383169936305
রাখতে,0.0004368506508388123
যুক্ত,0.00043685065083881174
মুক্ত,0.00043676989954030855
বুলগেরিয়া,0.00043676989954030796
ছাত্ররাজনীতি,0.0004366915499841681
রোমানিয়া,0.00043669154998416754
আকার,0.0004366564380752258
ইফতার,0.0004366564380752249
ক্যাম্পাসকে,0.0004366155747219068
ইদানীং,0.0004366155747219063
উদ্বোধন,0.00043654194666886296
প্রাসঙ্গিক,0.0004365419466688624
আউটলেট,0.00043647063909701424
অর্থনীতির,0.0004364706390970137
অনারের,0.0004364016256279821
মুহূর্তের,0.00043640162562798155
ঢাকায়,0.0004363348802262182
বিবেচনা,0.0004363348802262178
জামায়াত,0.00043627037719236675
সার্ভার,0.0004362703771923663
বাড়ছে,0.0004362080911567961
জটিলতা,0.0004362080911567957
দুর্ঘটনা,0.0004361479970732964
হোসেনপুরে,0.000436147997073296
কারণে,0.00043609007021293603
প্রাথমিকের,0.00043609007021293554
চালানোর,0.00043603428615807274
শিক্ষকরা,0.00043603428615807225
গাড়ি,0.0004359806207965147
বদলির,0.0004359806207965143
বেপরোয়া,0.00043592905031582675
আবেদন,0.00043592905031582626
কমলো,0.0004358795511977763
পারছেন,0.00043587955119777586
রেমিট্যান্স,0.000435832100212917
গোবিন্দগঞ্জে,0.0004358321002129165
ঈদের,0.00043578663214469316
দুর্র্বৃত্তদের,0.00043578663214469273
রিজভী,0.00043574308338683465
হাতে,0.00043574308338683416
উৎসাহিত,0.00043570139190408105
ব্যবসায়ী,0.0004357013919040806
হত্যাকারীদের,0.00043566149719432684
নিহত,0.0004356614971943264
আবরারের,0.00043562334025211674
নোয়াখালীতে,0.00043562334025211625
রায়,0.0004355868635334312
৭,0.0004355868635334307
আদালতের,0.000435552010921699
দোকান,0.0004355520109216985
ইফতার,0.0004355187276949828
আগুনে,0.00043551872769498237
ইউনিটির,0.0004354869604942825
পুড়ে,0.0004354869604942821
রিপোর্টার্স,0.00043545665729290774
ছাই,0.00043545665729290736
দিরাই,0.0004354277673668708
নাঙ্গলকোট,0.0004354277673668704
দরিদ্রদের,0.00043540024126625585
পৌরসভা,0.00043540024126625547
এতিম,0.0004353740307875218
বিএনপির,0.00043537403078752144
পকেট,0.0004353490889466986
ইফতার,0.0004353490889466983
দেবে,0.00043532536995343857
মাহফিল,0.00043532536995343824
সেবা,0.00043530282918588796
দাগনভূঞায়,0.00043530282918588764
আর্থিক,0.00043528142316634293
মশার,0.0004352814231663426
ব্যবসায়ীদের,0.00043526110953765926
কয়েল,0.00043526110953765894
জুয়েলারি,0.0004352418470403833
কারখানাকে,0.00043524184704038304
বাবা,0.00043522359549057676
জরিমানা,0.00043522359549057654
রক্ষা,0.0004352063157583064
লালমোহনে,0.0004352063157583061
প্রাণ,0.00043518996974677225
৯,0.000435189969746772
ছেলের,0.0004351745203720506
মাসের,0.00043517452037205033
দিয়ে,0.0004351599315434262
শিশুর,0.00043515993154342596
কিডনি,0.00043514616814429224
গলা,0.000435146168144292
মৃত্যু,0.00043513319601359575
কাটল,0.00043513319601359553
ডুবে,0.00043512098192780837
দুর্বৃত্তরা,0.0004351209819278082
পানিতে,0.00043510949358340265
ঝালকাঠিতে,0.00043510949358340243
মালিহার,0.00043509869957981473
জমে,0.00043509869957981446
শিশু,0.00043508856940287634
উঠেছে,0.00043508856940287607
রোজাই,0.0004350790734086986
ঈদ,0.0004350790734086984
২১,0.0004350701828079913
মার্কেট,0.00043507018280799104
পররাষ্ট্রমন্ত্রীর,0.00043506186965080193
বাকপ্রতিবন্ধী,0.00043506186965080166
আহ্বান,0.00043505410681166047
সুমাইয়া,0.00043505410681166025
সহযোগিতার,0.00043504686797511466
উচ্চশিক্ষিত,0.0004350468679751145
আইওএমের,0.0004350401276216428
হয়ে,0.00043504012762164257
ইন্দোনেশিয়া,0.0004350338610139306
স্বাবলম্বী,0.0004350338610139304
প্রত্যাবাসনে,0.00043502804418350046
চায়,0.0004350280441835003
রোহিঙ্গাদের,0.00043502265391768
সৈয়দপুর,0.00043502265391767985
অপসারণ,0.00043501766774689966
পৌর,0.0004350176677468995
মনিরকে,0.00043501306393230757
মেয়রের,0.0004350130639323074
বড়,0.00043500882145369155
অপসারণ,0.0004350088214536914
অভিযুক্ত,0.0004350049199976983
দাবি,0.0004350049199976981
বিশ্ববিদ্যালয়,0.0004350013399463395
রূপগঞ্জে,0.00043500133994633927
জাতীয়,0.00043499806236577636
যুবককে,0.0004349980623657762
ভাটা,0.0004349950689953734
পিটিয়ে,0.0004349950689953733
প্রবাহে,0.0004349923422370125
পা,0.0004349923422370123
রেমিট্যান্স,0.00043498986514465935
ভেঙে,0.0004349898651446592
মাসে,0.0004349876214141752
দিলো,0.00043498762141417507
আগের,0.0004349855953733644
সন্ত্রাসীরা,0.00043498559537336436
ঈদের,0.00043498377197225273
পাথরঘাটায়,0.0004349837719722526
স্বরাষ্ট্রমন্ত্রী,0.00043498213677358735
এতিমদের,0.00043498213677358724
সাবেক,0.00043498067594355337
প্রতিবন্ধী,0.00043498067594355326
প্রত্যাখ্যান,0.00043497937624269975
সোহাগের,0.0004349793762426996
জনগণ,0.00043497822501706784
ইফতার,0.0004349782250170677
নির্বাচন,0.00043497721018951783
পিরোজপুরজুড়ে,0.00043497721018951767
ডামি,0.0004349763202512457
ভয়ঙ্কর,0.00043497632025124556
ভুয়া,0.00043497554425348667
হয়ে,0.0004349755442534865
পরিবেশমন্ত্রী,0.00043497487179939854
উঠছে,0.00043497487179939843
ডলার,0.0004349742930361204
কিশোর,0.0004349742930361203
বিলিয়ন,0.00043497379864700146
গ্যাং,0.00043497379864700135
৩.৫,0.00043497337984399524
দেশীয়,0.0004349733798439951
ব্যয়,0.0004349730283602143
অস্ত্রসহ,0.00043497302836021425
বছর,0.0004349727364426417
গ্যাংয়ের,0.00043497273644264156
অভিযোজনে,0.0004349724968449933
১৮,0.00043497249684499326
জলবায়ু,0.00043497230282072905
সদস্য,0.000434972302820729
সালাম,0.0004349721481162065
গ্রেফতার,0.00043497214811620647
লিপিবদ্ধ,0.00043497202696397526
বকশিগঞ্জে,0.0004349720269639752
স্বামী,0.0004349719340762064
নাম,0.0004349719340762064
লীগের,0.00043497186463825496
স্ত্রীর,0.0004349718646382549
ঝগড়া,0.00043497181430235046
আরওয়ামী,0.00043497181430235046
হিসেবে,0.00043497177918141354
থামাতে,0.0004349717791814135
দায়ের,0.00043497175584299386
স্বৈরশাসক,0.00043497175584299386
পাতায়,0.00043497174130332746
কোপে,0.0004349717413033274
মা,0.00043497173302150946
ইতিহাসের,0.00043497173302150946
নিহত,0.0004349717288937801
হামাস,0.0004349717288937801
লালমাইয়ে,0.00043497172724792007
প্রত্যাহার,0.00043497172724792007
পানিতে,0.00043497172683775305
ডুবে,0.00043497172683775305
তিন,0.00043497172683775305
বছরের,0.00043497172683775305
শিশুর,0.00043497172683775305
মৃত্যু,0.00043497172683775305
ব্রহ্মপুত্রের,0.00043497172683775305
চর,0.00043497172683775305
অটোরিকশাসহ,0.00043497172683775305
জুয়ার,0.00043497172683775305
সরঞ্জামাদি,0.00043497172683775305
উদ্ধার,0.00043497172683775305
ঘাঘট,0.00043497172683775305
নদীর,0.00043497172683775305
ভাঙন,0.00043497172683775305
আতঙ্কে,0.00043497172683775305
পাশপাশের,0.00043497172683775305
মানুষ,0.00043497172683775305
ইউপি,0.00043497172683775305
সদস্যের,0.00043497172683775305
প্রশাসন,0.00043497172683775305
অসহায়,0.00043497172683775305
মুরাদনগরে,0.00043497172683775305
খিড়া,0.00043497172683775305
নদীতে,0.00043497172683775305
বাঁধ,0.00043497172683775305
দিয়ে,0.00043497172683775305
কৃষিজমির,0.00043497172683775305
মাটি,0.00043497172683775305
নিচ্ছে,0.00043497172683775305
ইটভাটায়,0.00043497172683775305
বিদ্যুৎ,0.00043497172683775305
বিভ্রাটে,0.00043497172683775305
ভোগান্তি,0.00043497172683775305
বাড়ছে,0.00043497172683775305
ফরিদপুরে,0.00043497172683775305
ঘাটাইলে,0.00043497172683775305
শিক্ষার,0.00043497172683775305
আলো,0.00043497172683775305
ছড়াচ্ছে,0.00043497172683775305
অনুসন্ধান,0.00043497172683775305
স্কুল,0.00043497172683775305
মার্কেন্টাইল,0.00043497172683775305
ব্যাংকের,0.00043497172683775305
রামপুরা,0.00043497172683775305
শাখা,0.00043497172683775305
স্থানান্তর,0.00043497172683775305
বশেমুরকৃবিতে,0.00043497172683775305
ডিজিটাল,0.00043497172683775305
স্কিলস,0.00043497172683775305
ফর,0.00043497172683775305
স্টুডেন্টস,0.00043497172683775305
প্রশিক্ষণ,0.00043497172683775305
উদ্বোধন,0.00043497172683775305
বেক্সিমকোর,0.00043497172683775305
২,0.00043497172683775305
৬২৫,0.00043497172683775305
টাকার,0.00043497172683775305
বন্ড,0.00043497172683775305
আসছে,0.00043497172683775305
দুস্থদের,0.00043497172683775305
মাঝে,0.00043497172683775305
স্বাধীনতা,0.00043497172683775305
ব্যাংকার্স,0.00043497172683775305
পরিষদের,0.00043497172683775305
খাদ্যসামগ্রী,0.00043497172683775305
বিতরণ,0.00043497172683775305
স্ট্যান্ডার্ড,0.00043497172683775305
ব্যাংকের,0.00043497172683775305
৩৮৯তম,0.00043497172683775305
বোর্ডসভা,0.00043497172683775305
অনুষ্ঠিত,0.00043497172683775305
লেনদেন,0.00043497172683775305
সূচক,0.00043497172683775305
বেড়েছে,0.00043497172683775305
উভয়,0.00043497172683775305
শেয়ারবাজারে,0.00043497172683775305
দর,0.00043497172683775305
বেড়েছে,0.00043497172683775305
২৭৩টির,0.00043497172683775305
কমেছে,0.00043497172683775305
৭৪টির,0.00043497172683775305
অপরিবর্তিত,0.00043497172683775305
রয়েছে,0.00043497172683775305
৪৯টির,0.00043497172683775305
বাজারের,0.00043497172683775305
পণ্য,0.00043497172683775305
লাক্সারি,0.00043497172683775305
ম্যাট,0.00043497172683775305
মার্সেল,0.00043497172683775305
ফ্রিজ,0.00043497172683775305
কিনে,0.00043497172683775305
১০,0.00043497172683775305
লাখ,0.00043497172683775305
টাকা,0.00043497172683775305
পেলেন,0.00043497172683775305
গৃহিণী,0.00043497172683775305
ঝর্ণা,0.00043497172683775305
লিভারপুল,0.00043497172683775305
জয়ী,0.00043497172683775305
অবশেষে,0.00043497172683775305
জিএম,0.00043497172683775305
নর্ম,0.00043497172683775305
ফাহাদের,0.00043497172683775305
এবারো,0.00043497172683775305
শুরুটা,0.00043497172683775305
১০,0.00043497172683775305
উইকেটের,0.00043497172683775305
হার,0.00043497172683775305
দিয়ে,0.00043497172683775305
সাবিনাদের,0.00043497172683775305
নাসরিনের,0.00043497172683775305
ট্রফির,0.00043497172683775305
স্বপ্ন,0.00043497172683775305
বলটা,0.00043497172683775305
হুমকি,0.00043497172683775305
হেম্প,0.00043497172683775305
উপজেলা,0.00043497172683775305
নির্বাচন,0.00043497172683775305
বিধি,0.00043497172683775305
সংশোধন,0.00043497172683775305
চায়,0.00043497172683775305
সাংস্কৃতিক,0.00043497172683775305
মুক্তিজোট,0.00043497172683775305
নূরীর,0.00043497172683775305
মা,0.00043497172683775305
হাফসার,0.00043497172683775305
জামিন,0.00043497172683775305
স্থগিতাদেশ,0.00043497172683775305
নেয়ার,0.00043497172683775305
আবেদন,0.00043497172683775305
শুনানি,0.00043497172683775305
৩,0.00043497172683775305
এপ্রিল,0.00043497172683775305
দক্ষিণ,0.00043497172683775305
কোরিয়া,0.00043497172683775305
যাচ্ছেন,0.00043497172683775305
সিইসি,0.00043497172683775305
হাবিবুল,0.00043497172683775305
আউয়াল,0.00043497172683775305
হলমার্ক,0.00043497172683775305
কেলেঙ্কারি,0.00043497172683775305
রায়,0.00043497172683775305
শুনে,0.00043497172683775305
পালিয়ে,0.00043497172683775305
তেঁতুলঝোড়া,0.00043497172683775305
ইউপি,0.00043497172683775305
চেয়ারম্যানের,0.00043497172683775305
আত্মসমর্পণ,0.00043497172683775305
কবি,0.00043497172683775305
আবদুল,0.00043497172683775305
হাই,0.00043497172683775305
মাশরেকীর,0.00043497172683775305
জন্মবার্ষিকী,0.00043497172683775305
না’গঞ্জে,0.00043497172683775305
ধর্ষণের,0.00043497172683775305
হত্যা,0.00043497172683775305
তিনজনের,0.00043497172683775305
যাবজ্জীবন,0.00043497172683775305
টেকনাফে,0.00043497172683775305
অপহৃত,0.00043497172683775305
শিশু,0.00043497172683775305
২২,0.00043497172683775305
লালমাই,0.00043497172683775305
উদ্ধার,0.00043497172683775305
ভালো,0.00043497172683775305
জল্লাদ,0.00043497172683775305
শাহজাহান,0.00043497172683775305
তল্পিতল্পা,0.00043497172683775305
পালাল,0.00043497172683775305
স্ত্রী,0.00043497172683775305
স্বামীকে,0.00043497172683775305
বিষপ্রয়োগে,0.00043497172683775305
হত্যা,0.00043497172683775305
স্ত্রীর,0.00043497172683775305
যাবজ্জীবন,0.00043497172683775305
সাহায্যের,0.00043497172683775305
আবেদন,0.00043497172683775305
৩২,0.00043497172683775305
বছরের,0.00043497172683775305
মামুন,0.00043497172683775305
শিশুর,0.00043497172683775305
পেনশনের,0.00043497172683775305
আওতায়,0.00043497172683775305
আসছেন,0.00043497172683775305
পাঁচ,0.00043497172683775305
লাখ,0.00043497172683775305
বেসরকারি,0.00043497172683775305
শিক্ষক,0.00043497172683775305
যৌক্তিক,0.00043497172683775305
দাবিতে,0.00043497172683775305
নমনীয়,0.00043497172683775305
সরকার,0.00043497172683775305
প্রস্তুত,0.00043497172683775305
খসড়া,0.00043497172683775305
সুন্দরবনে,0.00043497172683775305
মধু,0.00043497172683775305
আহরণ,0.00043497172683775305
সিএনসি,0.00043497172683775305
স্বাধীনতা,0.00043497172683775305
পদক,0.00043497172683775305
পেলেন,0.00043497172683775305
পাঁচ,0.00043497172683775305
বিশিষ্ট,0.00043497172683775305
ব্যক্তি,0.00043497172683775305
রাজপথে,0.00043497172683775305
মৃত্যুর,0.00043497172683775305
হানা,0.00043497172683775305
সড়কে,0.00043497172683775305
প্রাণ,0.00043497172683775305
৭,0.00043497172683775305
প্রতিবাদে,0.00043497172683775305
মানববন্ধন,0.00043497172683775305
ডেমরায়,0.00043497172683775305
সড়ক,0.00043497172683775305
জনপদের,0.00043497172683775305
২০০,0.00043497172683775305
টাকার,0.00043497172683775305
সম্পদ,0.00043497172683775305
দখল,0.00043497172683775305
হয়ে,0.00043497172683775305
ইসলামী,0.00043497172683775305
দলের,0.00043497172683775305
বিবৃতি,0.00043497172683775305
পাঞ্জাবির,0.00043497172683775305
লোগোতে,0.00043497172683775305
সমকামীদের,0.00043497172683775305
চিহ্ন,0.00043497172683775305
ক্ষমার,0.00043497172683775305
অযোগ্য,0.00043497172683775305
অপরাধ,0.00043497172683775305
কুয়ালালামপুরে,0.00043497172683775305
দেশীয়,0.00043497172683775305
ইফতারসামগ্রীর,0.00043497172683775305
পসরা,0.00043497172683775305
উখিয়ায়,0.00043497172683775305
পাহাড়,0.00043497172683775305
কাটায়,0.00043497172683775305
বাধা,0.00043497172683775305
ডাম্প,0.00043497172683775305
ট্রাকের,0.00043497172683775305
চাপায়,0.00043497172683775305
বিট,0.00043497172683775305
কর্মকর্তার,0.00043497172683775305
মৃত্যু,0.00043497172683775305
উপবৃত্তির,0.00043497172683775305
নামে,0.00043497172683775305
প্রতারণা,0.00043497172683775305
রাজমিস্ত্রি,0.00043497172683775305
চক্র,0.00043497172683775305
হাতিয়ে,0.00043497172683775305
নেয়,0.00043497172683775305
মোটা,0.00043497172683775305
অঙ্কের,0.00043497172683775305
টাকা,0.00043497172683775305
বেনাপোল,0.00043497172683775305
বন্দর,0.00043497172683775305
ছাড়ছেন,0.00043497172683775305
অসাধু,0.00043497172683775305
আমদানিকারকরা,0.00043497172683775305
ঝড়ের,0.00043497172683775305
কবলে,0.00043497172683775305
উড়োজাহাজ,0.00043497172683775305
রিক,0.00043497172683775305
চায়,0.00043497172683775305
বোকা,0.00043497172683775305
ঢাকা,0.00043497172683775305
চট্টগ্রামে,0.00043497172683775305
ভারতীয়,0.00043497172683775305
পেঁয়াজ,0.00043497172683775305
৪০,0.00043497172683775305
টাকা,0.00043497172683775305
কেজি,0.00043497172683775305
দরে,0.00043497172683775305
বিক্রি,0.00043497172683775305
বাণিজ্য,0.00043497172683775305
প্রতিমন্ত্রী,0.00043497172683775305
কৃষি,0.00043497172683775305
বিপণন,0.00043497172683775305
অধিদফতরের,0.00043497172683775305
ব্যর্থতায়,0.00043497172683775305
ভুগছেন,0.00043497172683775305
কৃষক,0.00043497172683775305
ভোক্তা,0.00043497172683775305
ভারতের,0.00043497172683775305
পেঁয়াজের,0.00043497172683775305
চালান,0.00043497172683775305
ঢুকেছে,0.00043497172683775305
দর্শনা,0.00043497172683775305
বন্দর,0.00043497172683775305
দিয়ে,0.00043497172683775305
ড্রেজিংয়ে,0.00043497172683775305
অনিয়ম,0.00043497172683775305
দুর্নীতিতে,0.00043497172683775305
১০,0.00043497172683775305
নৌপথ,0.00043497172683775305
পরিত্যক্ত,0.00043497172683775305
এসসিআর,0.00043497172683775305
এফের,0.00043497172683775305
প্রতিবেদন,0.00043497172683775305
সোহেল,0.00043497172683775305
অমিতসহ,0.00043497172683775305
বিএনপির,0.00043497172683775305
৫২,0.00043497172683775305
নেতা,0.00043497172683775305
কারাগারে,0.00043497172683775305
জামায়াত,0.00043497172683775305
অজামায়াত,0.00043497172683775305
বুঝি,0.00043497172683775305
বুঝি,0.00043497172683775305
প্রার্থী,0.00043497172683775305
প্রার্থীই,0.00043497172683775305
ইসি,0.00043497172683775305
রাশেদা,0.00043497172683775305
সুলতানা,0.00043497172683775305
বেনারসি,0.00043497172683775305
পল্লীতে,0.00043497172683775305
শাড়ির,0.00043497172683775305
দামে,0.00043497172683775305
বেকুব,0.00043497172683775305
ক্রেতা,0.00043497172683775305
তুরস্কে,0.00043497172683775305
স্থানীয়,0.00043497172683775305
নির্বাচনে,0.00043497172683775305
ভোট,0.00043497172683775305
গ্রহণ,0.00043497172683775305
মালয়েশিয়ার,0.00043497172683775305
শ্রমবাজার,0.00043497172683775305
বন্ধ,0.00043497172683775305
সিয়াম,0.00043497172683775305
সাধনার,0.00043497172683775305
মাস,0.00043497172683775305
সিয়ামের,0.00043497172683775305
অনুষঙ্গ,0.00043497172683775305
সদাকাতুল,0.00043497172683775305
ফিতর,0.00043497172683775305
আর্থসামাজিক,0.00043497172683775305
উন্নয়নে,0.00043497172683775305
এডিবির,0.00043497172683775305
আরো,0.00043497172683775305
সহায়তা,0.00043497172683775305
চেয়েছেন,0.00043497172683775305
প্রধানমন্ত্রী,0.00043497172683775305
বুয়েটের,0.00043497172683775305
ছাত্র,0.00043497172683775305
আন্দোলন,0.00043497172683775305
অ্যাকশনের,0.00043497172683775305
হুমকি,0.00043497172683775305
তুরস্কে,0.00043497172683775305
প্রধান,0.00043497172683775305
নগরীগুলোতে,0.00043497172683775305
জয়ের,0.00043497172683775305
পথে,0.00043497172683775305
বিরোধী,0.00043497172683775305
দল,0.00043497172683775305
কিনমেনের,0.00043497172683775305
চীনা,0.00043497172683775305
ড্রোনের,0.00043497172683775305
চিত্র,0.00043497172683775305
ধারণের,0.00043497172683775305
নিন্দা,0.00043497172683775305
তাইওয়ানের,0.00043497172683775305
সামরিক,0.00043497172683775305
বাহিনীর,0.00043497172683775305
অবৈধ,0.00043497172683775305
চীনা,0.00043497172683775305
মাছধরা,0.00043497172683775305
বন্ধে,0.00043497172683775305
সহযোগিতা,0.00043497172683775305
যুক্তরাষ্ট্র,0.00043497172683775305
আর্জেন্টিনা,0.00043497172683775305
অস্টিয়োপোরেসিসের,0.00043497172683775305
সমস্যা,0.00043497172683775305
সুস্থ,0.00043497172683775305
থাকতে,0.00043497172683775305
৩,0.00043497172683775305
পরামর্শ,0.00043497172683775305
ক্যাম্পাসে,0.00043497172683775305
নারী,0.00043497172683775305
শিক্ষার্থীর,0.00043497172683775305
নিরাপত্তা,0.00043497172683775305
অব্যাহত,0.00043497172683775305
রুশ,0.00043497172683775305
হামলার,0.00043497172683775305
মুখে,0.00043497172683775305
আরো,0.00043497172683775305
সহযোগীকে,0.00043497172683775305
বরখাস্ত,0.00043497172683775305
জেলেন্সকির,0.00043497172683775305
ঠাকুরগাঁওয়ের,0.00043497172683775305
ঐতিহাসিক,0.00043497172683775305
জিনের,0.00043497172683775305
মসজিদ,0.00043497172683775305
কথা,0.00043497172683775305
হেলথ,0.00043497172683775305
টিপস,0.00043497172683775305
কিডনিতে,0.00043497172683775305
পাথরে,0.00043497172683775305
করণীয়,0.00043497172683775305
সরকার,0.00043497172683775305
জিয়াউর,0.00043497172683775305
রহমানের,0.00043497172683775305
নাম,0.00043497172683775305
মুছে,0.00043497172683775305
ফেলার,0.00043497172683775305
চক্রান্ত,0.00043497172683775305
মির্জা,0.00043497172683775305
ফখরুল,0.00043497172683775305
ট্রান্সকমের,0.00043497172683775305
শীর্ষ,0.00043497172683775305
৩,0.00043497172683775305
দেশে,0.00043497172683775305
ফেরার,0.00043497172683775305
৭২,0.00043497172683775305
ঘণ্টার,0.00043497172683775305
আত্মসমর্পণের,0.00043497172683775305
নির্দেশ,0.00043497172683775305
জবির,0.00043497172683775305
বিতর্কিত,0.00043497172683775305
কর্মকর্তা,0.00043497172683775305
আলতাফকে,0.00043497172683775305
অপসারণ,0.00043497172683775305
রাজাপুর,0.00043497172683775305
থানায়,0.00043497172683775305
সাংবাদিককে,0.00043497172683775305
লাঞ্ছিত,0.00043497172683775305
প্রতিবাদে,0.00043497172683775305
মানববন্ধন,0.00043497172683775305
পান্নুন,0.00043497172683775305
হত্যাচেষ্টা,0.00043497172683775305
তৃতীয়,0.00043497172683775305
পক্ষের,0.00043497172683775305
পরামর্শ,0.00043497172683775305
নাকচ,0.00043497172683775305
করল,0.00043497172683775305
ভারত,0.00043497172683775305
ক্যাম্পাসে,0.00043497172683775305
নারী,0.00043497172683775305
শিক্ষার্থীর,0.00043497172683775305
নিরাপত্তা,0.00043497172683775305
সরকারি,0.00043497172683775305
অনুষ্ঠানে,0.00043497172683775305
লাল,0.00043497172683775305
গালিচা,0.00043497172683775305
শাহবাজ,0.00043497172683775305
ইদানীং,0.00043497172683775305
প্রাসঙ্গিক,0.00043497172683775305
বদর,0.00043497172683775305
যুদ্ধের,0.00043497172683775305
শহীদ,0.00043497172683775305
সাহাবায়ে,0.00043497172683775305
কিরাম,0.00043497172683775305
ঈদের,0.00043497172683775305
নাটক,0.00043497172683775305
বোকা,0.00043497172683775305
খালেদা,0.00043497172683775305
জিয়াকে,0.00043497172683775305
চিকিৎসা,0.00043497172683775305
বিদেশে,0.00043497172683775305
পাঠানোর,0.00043497172683775305
আহ্বান,0.00043497172683775305
জামায়াতের,0.00043497172683775305
জোড়াতালি,0.00043497172683775305
দিয়ে,0.00043497172683775305
চলছে,0.00043497172683775305
জামালপুরের,0.00043497172683775305
একমাত্র,0.00043497172683775305
স্বাস্থ্য,0.00043497172683775305
শিক্ষাপ্রতিষ্ঠান,0.00043497172683775305
পদত্যাগ,0.00043497172683775305
পেরুর,0.00043497172683775305
প্রেসিডেন্ট,0.00043497172683775305
অর্থনীতির,0.00043497172683775305
মুহূর্তের,0.00043497172683775305
বিবেচনা,0.00043497172683775305
জেলেনস্কির,0.00043497172683775305
আয়,0.00043497172683775305
বেড়ে,0.00043497172683775305
তিন,0.00043497172683775305
গুণ,0.00043497172683775305
এমি,0.00043497172683775305
জান্নাতের,0.00043497172683775305
মনের,0.00043497172683775305
বারণ,0.00043497172683775305
এক,0.00043497172683775305
কিয়ারা,0.00043497172683775305
অন্যরকম,0.00043497172683775305
শনিবার,0.00043497172683775305
রেকর্ড,0.00043497172683775305
গড়লো,0.00043497172683775305
ক্রু,0.00043497172683775305
ফুটবলারের,0.00043497172683775305
প্রেম,0.00043497172683775305
চাকরি,0.00043497172683775305
হারালেন,0.00043497172683775305
লেস্টার,0.00043497172683775305
কোচ,0.00043497172683775305
তুরস্কে,0.00043497172683775305
স্থানীয়,0.00043497172683775305
নির্বাচন,0.00043497172683775305
কার্যত,0.00043497172683775305
প্রেসিডেন্ট,0.00043497172683775305
এরদোগান,0.00043497172683775305
মেয়র,0.00043497172683775305
ইমামোগলুর,0.00043497172683775305
লড়াই,0.00043497172683775305
গাজায়,0.00043497172683775305
স্থায়ী,0.00043497172683775305
যুদ্ধবিরতির,0.00043497172683775305
দাবি,0.00043497172683775305
ফ্রান্স,0.00043497172683775305
মিশর,0.00043497172683775305
জর্ডানের,0.00043497172683775305
গ্রাহকের,0.00043497172683775305
টাকায়,0.00043497172683775305
ম্যানেজার,0.00043497172683775305
আল,0.00043497172683775305
আমিনের,0.00043497172683775305
একাধিক,0.00043497172683775305
ব্যবসা,0.00043497172683775305
প্রতিষ্ঠান,0.00043497172683775305
রাজশাহীতে,0.00043497172683775305
জমে,0.00043497172683775305
উঠেছে,0.00043497172683775305
ঈদবাজার,0.00043497172683775305
২১,0.00043497172683775305
ছোয়াদকে,0.00043497172683775305
কুমিল্লা,0.00043497172683775305
উদ্ধার,0.00043497172683775305
আটক,0.00043497172683775305
১৭,0.00043497172683775305
স্থাপত্য,0.00043497172683775305
শিল্পে,0.00043497172683775305
বঙ্গবন্ধুর,0.00043497172683775305
মুখচ্ছবি,0.00043497172683775305
সিলেটে,0.00043497172683775305
স্বেচ্ছাসেবক,0.00043497172683775305
লীগ,0.00043497172683775305
নেতার,0.00043497172683775305
বিরুদ্ধে,0.00043497172683775305
কিশোরী,0.00043497172683775305
ধর্ষণ,0.00043497172683775305
মামলা,0.00043497172683775305
কুমিল্লায়,0.00043497172683775305
বিএনপি’র,0.00043497172683775305
ইফতার,0.00043497172683775305
মাহফিল,0.00043497172683775305
অনুষ্ঠিত,0.00043497172683775305
মহেশপুরে,0.00043497172683775305
সহকারী,0.00043497172683775305
শিক্ষা,0.00043497172683775305
অফিসারের,0.00043497172683775305
বিরুদ্ধে,0.00043497172683775305
অনিয়মের,0.00043497172683775305
অভিযোগ,0.00043497172683775305
বশেমুরকৃবিতে,0.00043497172683775305
ডিজিটাল,0.00043497172683775305
স্কিলস্‌,0.00043497172683775305
ফর,0.00043497172683775305
স্টুডেন্টস,0.00043497172683775305
প্রশিক্ষণ,0.00043497172683775305
টাঙ্গাইলে,0.00043497172683775305
নিয়ন্ত্রণহীন,0.00043497172683775305
প্রাইভেটকারের,0.00043497172683775305
ধাক্কায়,0.00043497172683775305
নিহত,0.00043497172683775305
২,0.00043497172683775305
ডুমুরিয়ায়,0.00043497172683775305
সড়ক,0.00043497172683775305
দুর্ঘটনায়,0.00043497172683775305
নিহত,0.00043497172683775305
১,0.00043497172683775305
বিদেশি,0.00043497172683775305
ঋণের,0.00043497172683775305
সুদ,0.00043497172683775305
পরিশোধে,0.00043497172683775305
ব্যয়,0.00043497172683775305
বাড়ায়,0.00043497172683775305
উদ্বেগ,0.00043497172683775305
বেক্সিমকো’র,0.00043497172683775305
২৬২৫,0.00043497172683775305
টাকার,0.00043497172683775305
বন্ড,0.00043497172683775305
অনুমোদন,0.00043497172683775305
সিলেটে,0.00043497172683775305
রওশন,0.00043497172683775305
জব্বারের,0.00043497172683775305
সম্পদের,0.00043497172683775305
পাহাড়,0.00043497172683775305
অভিযোগ,0.00043497172683775305
আমলে,0.00043497172683775305
নিলে,0.00043497172683775305
ফেসবুক,0.00043497172683775305
ইউটিউব,0.00043497172683775305
বন্ধ,0.00043497172683775305
দেয়া,0.00043497172683775305
যোগ,0.00043497172683775305
বিয়োগের,0.00043497172683775305
ফাঁদে,0.00043497172683775305
ফেলে,0.00043497172683775305
অর্থ,0.00043497172683775305
লুট,0.00043497172683775305
চট্টগ্রামে,0.00043497172683775305
লাগামহীন,0.00043497172683775305
অবৈধ,0.00043497172683775305
ব্যাটারি,0.00043497172683775305
রিকশা,0.00043497172683775305
দৈনিক,0.00043497172683775305
৭০,0.00043497172683775305
লাখ,0.00043497172683775305
টাকার,0.00043497172683775305
ভাগবাটোয়ারা,0.00043497172683775305
ছাত্রলীগ,0.00043497172683775305
জোর,0.00043497172683775305
বিশ্ববিদ্যালয়,0.00043497172683775305
দখলের,0.00043497172683775305
স্বামীর,0.00043497172683775305
বিরুদ্ধে,0.00043497172683775305
হয়রানির,0.00043497172683775305
অভিযোগ,0.00043497172683775305
অধিকারকর্মী,0.00043497172683775305
সাধনার,0.00043497172683775305
ঝাঁঝালো,0.00043497172683775305
দিয়ে,0.00043497172683775305
রাজনীতিতে,0.00043497172683775305
নামলেন,0.00043497172683775305
সুনীতা,0.00043497172683775305
কেজরিওয়াল,0.00043497172683775305
বাবা,0.00043497172683775305
ছেলের,0.00043497172683775305
টাকার,0.00043497172683775305
প্রতারণা,0.00043497172683775305
লিটারে,0.00043497172683775305
২,0.00043497172683775305
টাকা,0.00043497172683775305
২৫,0.00043497172683775305
পয়সা,0.00043497172683775305
কমলো,0.00043497172683775305
ডিজেল,0.00043497172683775305
কেরোসিনের,0.00043497172683775305
দাম,0.00043497172683775305
ঈদের,0.00043497172683775305
ছুটি,0.00043497172683775305
একদিন,0.00043497172683775305
বাড়ানোর,0.00043497172683775305
সুপারিশ,0.00043497172683775305
ইন্ডিয়া,0.00043497172683775305
জোট,0.00043497172683775305
তৈরি,0.00043497172683775305
করেছি,0.00043497172683775305
নামটাও,0.00043497172683775305
দেয়া,0.00043497172683775305
ভোটের,0.00043497172683775305
ওটা,0.00043497172683775305
নেবো,0.00043497172683775305
যুক্তরাষ্ট্রে,0.00043497172683775305
সাড়ে,0.00043497172683775305
৭,0.00043497172683775305
গ্রাহকের,0.00043497172683775305
ব্যক্তিগত,0.00043497172683775305
তথ্য,0.00043497172683775305
ফাঁস,0.00043497172683775305
নারায়ণগঞ্জে,0.00043497172683775305
প্রেমিকাকে,0.00043497172683775305
ধর্ষণ,0.00043497172683775305
শেষে,0.00043497172683775305
হত্যা,0.00043497172683775305
৩,0.00043497172683775305
যাবজ্জীবন,0.00043497172683775305
ঢাবি’র,0.00043497172683775305
কোয়ার্টারে,0.00043497172683775305
শিক্ষার্থীর,0.00043497172683775305
আত্মহত্যা,0.00043497172683775305
প্রতিবাদে,0.00043497172683775305
শিক্ষার্থী,0.00043497172683775305
অভিভাবকদের,0.00043497172683775305
বিক্ষোভ,0.00043497172683775305
মিছিল,0.00043497172683775305
ভাঙচুর,0.00043497172683775305
সীতাকুণ্ডে,0.00043497172683775305
ড্রেজার,0.00043497172683775305
বসিয়ে,0.00043497172683775305
বালু,0.00043497172683775305
উত্তোলন,0.00043497172683775305
হুমকির,0.00043497172683775305
মুখে,0.00043497172683775305
ব্রিজ,0.00043497172683775305
গভীর,0.00043497172683775305
রাতে,0.00043497172683775305
খালেদা,0.00043497172683775305
জিয়াকে,0.00043497172683775305
হাসপাতালে,0.00043497172683775305
ভর্তি,0.00043497172683775305
সোনাইমুড়ীতে,0.00043497172683775305
৯৪,0.00043497172683775305
ব্যাচ,0.00043497172683775305
বন্ধু,0.00043497172683775305
মহল’র,0.00043497172683775305
ঈদ,0.00043497172683775305
উপহার,0.00043497172683775305
ইফতার,0.00043497172683775305
মাহফিল,0.00043497172683775305
দৌলতপুরে,0.00043497172683775305
শিক্ষা,0.00043497172683775305
কর্মকর্তা,0.00043497172683775305
শফিউলের,0.00043497172683775305
বিরুদ্ধে,0.00043497172683775305
অনিয়মের,0.00043497172683775305
অভিযোগ,0.00043497172683775305
আত্মসমর্পণের,0.00043497172683775305
বিএনপি,0.00043497172683775305
নেতা,0.00043497172683775305
সোহেল,0.00043497172683775305
কারাগারে,0.00043497172683775305
মার্কিন,0.00043497172683775305
দূতাবাস,0.00043497172683775305
প্রতিনিধিদলের,0.00043497172683775305
বেক্সিমকো,0.00043497172683775305
ইন্ডাস্ট্রিয়াল,0.00043497172683775305
পার্ক,0.00043497172683775305
শাইনপুকুর,0.00043497172683775305
সিরামিক,0.00043497172683775305
পরিদর্শন,0.00043497172683775305
১২০০তম,0.00043497172683775305
উপ,0.00043497172683775305
শাখার,0.00043497172683775305
মাইলফলক,0.00043497172683775305
অর্জন,0.00043497172683775305
করলো,0.00043497172683775305
আইএফআইসি,0.00043497172683775305
ব্যাংক,0.00043497172683775305
রোলেক্স,0.00043497172683775305
ঘড়ির,0.00043497172683775305
সন্ধানে,0.00043497172683775305
পেরুর,0.00043497172683775305
প্রেসিডেন্টের,0.00043497172683775305
বাসায়,0.00043497172683775305
অভিযান,0.00043497172683775305
বাংলাদেশের,0.00043497172683775305
ভুলে,0.00043497172683775305
ভুলে,0.00043497172683775305
শ্রীলঙ্কার,0.00043497172683775305
রেকর্ড,0.00043497172683775305
বাসের,0.00043497172683775305
অগ্রিম,0.00043497172683775305
টিকিট,0.00043497172683775305
বিক্রি,0.00043497172683775305
২রা,0.00043497172683775305
এপ্রিল,0.00043497172683775305
ট্রেনের,0.00043497172683775305
ফিরতি,0.00043497172683775305
৩রা,0.00043497172683775305
এপ্রিল,0.00043497172683775305
বাংলাদেশকে,0.00043497172683775305
পার্থক্য,0.00043497172683775305
বোঝাচ্ছে,0.00043497172683775305
অস্ট্রেলিয়া,0.00043497172683775305
অবশেষে,0.00043497172683775305
গ্র্যান্ডমাস্টার,0.00043497172683775305
নর্ম,0.00043497172683775305
পেলেন,0.00043497172683775305
ফাহাদ,0.00043497172683775305
ব্যাটারদের,0.00043497172683775305
তাকিয়ে,0.00043497172683775305
বাংলাদেশ,0.00043497172683775305
সাবিনা,0.00043497172683775305
সানজিদাদের,0.00043497172683775305
ঠিকানা,0.00043497172683775305
নাসরিন,0.00043497172683775305
স্পোর্টিং,0.00043497172683775305
ক্লাব,0.00043497172683775305
নানাকে,0.00043497172683775305
ভুয়া,0.00043497172683775305
মুক্তিযোদ্ধা,0.00043497172683775305
বানিয়ে,0.00043497172683775305
সরকারি,0.00043497172683775305
চাকরি,0.00043497172683775305
নাতি,0.00043497172683775305
ভোটে,0.00043497172683775305
হারিনি,0.00043497172683775305
ম্যাকানিজম,0.00043497172683775305
হারানো,0.00043497172683775305
হইছে,0.00043497172683775305
নোয়াখালীতে,0.00043497172683775305
চোরাই,0.00043497172683775305
মোটরসাইকেলসহ,0.00043497172683775305
যুবলীগ,0.00043497172683775305
নেতা,0.00043497172683775305
গ্রেপ্তার,0.00043497172683775305
মৌলভীবাজারে,0.00043497172683775305
খেলাফত,0.00043497172683775305
মজলিসের,0.00043497172683775305
ইফতার,0.00043497172683775305
মাহফিল,0.00043497172683775305
তারাকান্দায়,0.00043497172683775305
বাস,0.00043497172683775305
মাইক্রো,0.00043497172683775305
সংঘর্ষে,0.00043497172683775305
ভাই,0.00043497172683775305
বোন,0.00043497172683775305
নিহত,0.00043497172683775305
ইফতারের,0.00043497172683775305
সময়,0.00043497172683775305
ডেকে,0.00043497172683775305
কিশোরকে,0.00043497172683775305
হত্যা,0.00043497172683775305
বন্ধু,0.00043497172683775305
আটক,0.00043497172683775305
সুনামগঞ্জে,0.00043497172683775305
দোকানিকে,0.00043497172683775305
ছুরিকাঘাতে,0.00043497172683775305
হত্যা,0.00043497172683775305
কয়রায়,0.00043497172683775305
যুবকের,0.00043497172683775305
লাশ,0.00043497172683775305
উদ্ধার,0.00043497172683775305
রায়পুরা,0.00043497172683775305
আওয়ামী,0.00043497172683775305
লীগের,0.00043497172683775305
ইফতার,0.00043497172683775305
দোয়া,0.00043497172683775305
মাহফিল,0.00043497172683775305
২,0.00043497172683775305
চেয়ারম্যান,0.00043497172683775305
প্রার্থীকে,0.00043497172683775305
সরে,0.00043497172683775305
দাঁড়াতে,0.00043497172683775305
এমপি’র,0.00043497172683775305
নির্দেশ,0.00043497172683775305
বন্ধু,0.00043497172683775305
রাষ্ট্রের,0.00043497172683775305
সহযোগিতায়,0.00043497172683775305
ক্ষমতায়,0.00043497172683775305
এসেছে,0.00043497172683775305
আওয়ামী,0.00043497172683775305
লীগ-,0.00043497172683775305
মঈন,0.00043497172683775305
খান,0.00043497172683775305
ভারত,0.00043497172683775305
এলো,0.00043497172683775305
পিয়াজের,0.00043497172683775305
চালান,0.00043497172683775305
ফি,0.00043497172683775305
সেবা,0.00043497172683775305
রাজাপুরে,0.00043497172683775305
সাংবাদিককে,0.00043497172683775305
লাঞ্ছিতের,0.00043497172683775305
প্রতিবাদে,0.00043497172683775305
মানববন্ধন,0.00043497172683775305
হত্যা,0.00043497172683775305
মামলার,0.00043497172683775305
আসামিরা,0.00043497172683775305
প্রকাশ্যে,0.00043497172683775305
ধরছে,0.00043497172683775305
পুলিশ,0.00043497172683775305
চবি,0.00043497172683775305
সাংবাদিকতা,0.00043497172683775305
অ্যালামনাই,0.00043497172683775305
এসোসিয়েশনের,0.00043497172683775305
বার্ষিক,0.00043497172683775305
সভা,0.00043497172683775305
ইফতার,0.00043497172683775305
মাহফিল,0.00043497172683775305
সম্পন্ন,0.00043497172683775305
ভোটের,0.00043497172683775305
পরিবেশ,0.00043497172683775305
সৃষ্টি,0.00043497172683775305
হয়েছে,0.00043497172683775305
রাশেদা,0.00043497172683775305
সুলতানা,0.00043497172683775305
কানাইঘাটে,0.00043497172683775305
বিয়ের,0.00043497172683775305
৬,0.00043497172683775305
মাসের,0.00043497172683775305
মাথায়,0.00043497172683775305
নববধূর,0.00043497172683775305
রহস্যজনক,0.00043497172683775305
মৃত্যু,0.00043497172683775305
কর্মচারী,0.00043497172683775305
আইন,0.00043497172683775305
শিথিল,0.00043497172683775305
সম্পদের,0.00043497172683775305
হিসাব,0.00043497172683775305
দাখিল,0.00043497172683775305
বাধ্যতামূলক,0.00043497172683775305
গণতন্ত্র,0.00043497172683775305
পুনরুদ্ধার,0.00043497172683775305
হওয়া,0.00043497172683775305
সংগ্রাম,0.00043497172683775305
চলছে,0.00043497172683775305
চলবে,0.00043497172683775305
শৈলকুপায়,0.00043497172683775305
নদী,0.00043497172683775305
দখল,0.00043497172683775305
যুবলীগ,0.00043497172683775305
নেতার,0.00043497172683775305
ইটভাটা,0.00043497172683775305
পুকুর,0.00043497172683775305
খনন,0.00043497172683775305
মশিউর,0.00043497172683775305
হত্যায়,0.00043497172683775305
জড়িতদের,0.00043497172683775305
শাস্তির,0.00043497172683775305
দাবিতে,0.00043497172683775305
মানববন্ধন,0.00043497172683775305
সুনামগঞ্জে,0.00043497172683775305
সড়ক,0.00043497172683775305
দুর্ঘটনায়,0.00043497172683775305
পুলিশ,0.00043497172683775305
কর্মকর্তার,0.00043497172683775305
মর্মান্তিক,0.00043497172683775305
মৃত্যু,0.00043497172683775305
কিশোরগঞ্জে,0.00043497172683775305
মনি,0.00043497172683775305
হত্যা,0.00043497172683775305
মামলা,0.00043497172683775305
হুমকি,0.00043497172683775305
রামগঞ্জ,0.00043497172683775305
প্রেস,0.00043497172683775305
ক্লাবের,0.00043497172683775305
ইফতার,0.00043497172683775305
মাহফিল,0.00043497172683775305
নিপুণের,0.00043497172683775305
দাবি,0.00043497172683775305
কলাপাড়ায়,0.00043497172683775305
আওয়ামী,0.00043497172683775305
লীগ,0.00043497172683775305
নেতার,0.00043497172683775305
চাঁদা,0.00043497172683775305
দাবির,0.00043497172683775305
অভিযোগ,0.00043497172683775305
সরকারের,0.00043497172683775305
অবৈধ,0.00043497172683775305
কর্মকাণ্ডের,0.00043497172683775305
বিরুদ্ধে,0.00043497172683775305
সাংবাদিকদের,0.00043497172683775305
কলাম,0.00043497172683775305
বিরামহীনভাবে,0.00043497172683775305
চালাতে,0.00043497172683775305
টোয়েন্টি,0.00043497172683775305
দিয়ে,0.00043497172683775305
আঞ্চলিক,0.00043497172683775305
ক্রিকেট,0.00043497172683775305
সংস্থা,0.00043497172683775305
মুগ্ধর,0.00043497172683775305
বোলিং,0.00043497172683775305
খালিদের,0.00043497172683775305
ব্যাটিংয়ে,0.00043497172683775305
জয়,0.00043497172683775305
শাইনপুকুরের,0.00043497172683775305
আর্থ,0.00043497172683775305
সামাজিক,0.00043497172683775305
উন্নয়নে,0.00043497172683775305
এডিবি’র,0.00043497172683775305
সহায়তা,0.00043497172683775305
চেয়েছেন,0.00043497172683775305
প্রধানমন্ত্রী,0.00043497172683775305
চাঁপাইনবাবগঞ্জে,0.00043497172683775305
বীমা,0.00043497172683775305
দাবির,0.00043497172683775305
চেক,0.00043497172683775305
পেয়ে,0.00043497172683775305
খুশি,0.00043497172683775305
শতাধিক,0.00043497172683775305
গ্রাহক,0.00043497172683775305
দেশ,0.00043497172683775305
শ্রীলঙ্কা,0.00043497172683775305
ভেবেছিল,0.00043497172683775305
ধারণা,0.00043497172683775305
ভুল,0.00043497172683775305
বুয়েটে,0.00043497172683775305
জঙ্গি,0.00043497172683775305
রাজনীতির,0.00043497172683775305
প্রমাণ,0.00043497172683775305
পেলে,0.00043497172683775305
অ্যাকশন,0.00043497172683775305
এপ্রিলে,0.00043497172683775305
ভোক্তা,0.00043497172683775305
ঋণে,0.00043497172683775305
সুদ,0.00043497172683775305
গুনতে,0.00043497172683775305
১৪.৫৫,0.00043497172683775305
শতাংশ,0.00043497172683775305
ক্ষমতা,0.00043497172683775305
দেখিয়ে,0.00043497172683775305
বুয়েটে,0.00043497172683775305
ছাত্রলীগ,0.00043497172683775305
সুনামগঞ্জে,0.00043497172683775305
আগ্নেয়াস্ত্র,0.00043497172683775305
চেয়ারম্যান,0.00043497172683775305
বাহিনীর,0.00043497172683775305
মহড়া,0.00043497172683775305
ভিডিও,0.00043497172683775305
ভাইরাল,0.00043497172683775305
টেকনাফে,0.00043497172683775305
শিক্ষক,0.00043497172683775305
অপহরণ,0.00043497172683775305
১২,0.00043497172683775305
লাখ,0.00043497172683775305
টাকা,0.00043497172683775305
মুক্তিপণ,0.00043497172683775305
দাবি,0.00043497172683775305
সাতক্ষীরায়,0.00043497172683775305
খাদ্যবান্ধব,0.00043497172683775305
কর্মসূচির,0.00043497172683775305
১৭,0.00043497172683775305
বস্তা,0.00043497172683775305
চাল,0.00043497172683775305
উদ্ধার,0.00043497172683775305
সরাইলে,0.00043497172683775305
৩,0.00043497172683775305
মাসে,0.00043497172683775305
৫,0.00043497172683775305
খুন,0.00043497172683775305
মোশাররফ,0.00043497172683775305
মাহির,0.00043497172683775305
নেশার,0.00043497172683775305
লাটিম,0.00043497172683775305
ঈদে,0.00043497172683775305
শাওন,0.00043497172683775305
সাদিয়ার,0.00043497172683775305
ধানসিঁড়ি,0.00043497172683775305
মাঝে,0.00043497172683775305
ঝামেলা,0.00043497172683775305
৫০৮,0.00043497172683775305
কোটিতে,0.00043497172683775305
বাড়ি,0.00043497172683775305
কিনলেন,0.00043497172683775305
লোপেজ,0.00043497172683775305
মোটরসাইকেল,0.00043497172683775305
দুর্ঘটনায়,0.00043497172683775305
হলিউড,0.00043497172683775305
অভিনেতার,0.00043497172683775305
মৃত্যু,0.00043497172683775305
তুরস্কে,0.00043497172683775305
স্থানীয়,0.00043497172683775305
নির্বাচন,0.00043497172683775305
ইস্তাম্বুল,0.00043497172683775305
আংকারায়,0.00043497172683775305
বিরোধীদের,0.00043497172683775305
জয়ের,0.00043497172683775305
দাবি,0.00043497172683775305
ম্যানসিটি,0.00043497172683775305
আর্সেনালের,0.00043497172683775305
ড্রয়ে,0.00043497172683775305
জিতল,0.00043497172683775305
লিভারপুল,0.00043497172683775305
কালবৈশাখী,0.00043497172683775305
ঝড়,0.00043497172683775305
শিলাবৃষ্টিতে,0.00043497172683775305
বিপর্যস্ত,0.00043497172683775305
সিলেট,0.00043497172683775305
মালয়েশিয়ায়,0.00043497172683775305
সেকেন্ড,0.00043497172683775305
হোম,0.00043497172683775305
গড়েছেন,0.00043497172683775305
৩,0.00043497172683775305
৬০৪,0.00043497172683775305
বাংলাদেশি,0.00043497172683775305
ঢাকার,0.00043497172683775305
বায়ু,0.00043497172683775305
সংবেদনশীল,0.00043497172683775305
গোষ্ঠীর,0.00043497172683775305
অস্বাস্থ্যকর,0.00043497172683775305
ঈদের,0.00043497172683775305
ছুটিতে,0.00043497172683775305
হাসপাতালে,0.00043497172683775305
পর্যাপ্ত,0.00043497172683775305
জনবল,0.00043497172683775305
রাখাসহ,0.00043497172683775305
১২,0.00043497172683775305
নির্দেশনা,0.00043497172683775305
মেহেরপুরে,0.00043497172683775305
ট্রাকের,0.00043497172683775305
ধাক্কায়,0.00043497172683775305
২,0.00043497172683775305
সাইকেল,0.00043497172683775305
আরোহী,0.00043497172683775305
নিহত,0.00043497172683775305
প্রাণ,0.00043497172683775305
গ্রুপে,0.00043497172683775305
চাকরির,0.00043497172683775305
সুযোগ,0.00043497172683775305
ঢাকায়,0.00043497172683775305
ওভারব্রিজে,0.00043497172683775305
আটকে,0.00043497172683775305
গেলো,0.00043497172683775305
উড়োজাহাজ,0.00043497172683775305
ডিএমপির,0.00043497172683775305
অভিযানে,0.00043497172683775305
গ্রেফতার,0.00043497172683775305
২৯,0.00043497172683775305
গাজীপুরের,0.00043497172683775305
শ্রীপুরে,0.00043497172683775305
টাইলস,0.00043497172683775305
কারখানায়,0.00043497172683775305
আগুন,0.00043497172683775305
গাজার,0.00043497172683775305
পথে,0.00043497172683775305
৪০০,0.00043497172683775305
টন,0.00043497172683775305
ত্রাণ,0.00043497172683775305
বলছেন,0.00043497172683775305
মানবতাবাদীরা,0.00043497172683775305
মেজাজ,0.00043497172683775305
হারালেন,0.00043497172683775305
সারা,0.00043497172683775305
মোহাম্মদপুরে,0.00043497172683775305
২৫,0.00043497172683775305
শেকলে,0.00043497172683775305
বেঁধে,0.00043497172683775305
তরুণীকে,0.00043497172683775305
সংঘবদ্ধ,0.00043497172683775305
ধর্ষণ,0.00043497172683775305
সরকারি,0.00043497172683775305
অনুষ্ঠানে,0.00043497172683775305
রেড,0.00043497172683775305
কার্পেট,0.00043497172683775305
নিষিদ্ধ,0.00043497172683775305
পাকিস্তান,0.00043497172683775305
বিলবাওকে,0.00043497172683775305
হারিয়ে,0.00043497172683775305
শিরোপার,0.00043497172683775305
আরো,0.00043497172683775305
রিয়াল,0.00043497172683775305
বকেয়া,0.00043497172683775305
বেতনের,0.00043497172683775305
দাবিতে,0.00043497172683775305
সড়ক,0.00043497172683775305
অবরোধ,0.00043497172683775305
গাজীপুরে,0.00043497172683775305
শ্রমিকদের,0.00043497172683775305
বিক্ষোভ,0.00043497172683775305
তুরস্কের,0.00043497172683775305
স্থানীয়,0.00043497172683775305
সরকার,0.00043497172683775305
নির্বাচনে,0.00043497172683775305
এরদোগানের,0.00043497172683775305
প্রার্থীদের,0.00043497172683775305
পরাজয়,0.00043497172683775305
দৃঢ়তা,0.00043497172683775305
দেখাচ্ছেন,0.00043497172683775305
জাকির,0.00043497172683775305
তাইজুল,0.00043497172683775305
বিক্ষোভে,0.00043497172683775305
উত্তাল,0.00043497172683775305
ইসরাইল,0.00043497172683775305
নেতানিয়াহুর,0.00043497172683775305
পদত্যাগ,0.00043497172683775305
দাবি,0.00043497172683775305
গাজার,0.00043497172683775305
নির্যাতিত,0.00043497172683775305
শিশুদের,0.00043497172683775305
পাশে,0.00043497172683775305
বাংলাদেশি,0.00043497172683775305
সংগঠন,0.00043497172683775305
লাভ,0.00043497172683775305
শেয়ার,0.00043497172683775305
বিডি,0.00043497172683775305
১০,0.00043497172683775305
ডলার,0.00043497172683775305
অনুদান,0.00043497172683775305
যশোরের,0.00043497172683775305
শার্শায়,0.00043497172683775305
৩৮,0.00043497172683775305
কেজি,0.00043497172683775305
গাঁজাসহ,0.00043497172683775305
গ্রেফতার,0.00043497172683775305
১,0.00043497172683775305
টিকে,0.00043497172683775305
থাকার,0.00043497172683775305
লড়াইয়ে,0.00043497172683775305
মাঠে,0.00043497172683775305
নেমেছে,0.00043497172683775305
বাংলাদেশ,0.00043497172683775305
ফরিদপুরে,0.00043497172683775305
গাড়িচাপায়,0.00043497172683775305
বাবা,0.00043497172683775305
ছেলে,0.00043497172683775305
নিহত,0.00043497172683775305
ঈদে,0.00043497172683775305
ছুটি,0.00043497172683775305
১,0.00043497172683775305
বাড়বে,0.00043497172683775305
সিদ্ধান্ত,0.00043497172683775305
বিপদে,0.00043497172683775305
বাংলাদেশ,0.00043497172683775305
৪,0.00043497172683775305
উইকেট,0.00043497172683775305
টালমাটাল,0.00043497172683775305
পাকিস্তান,0.00043497172683775305
ক্রিকেট,0.00043497172683775305
ভুয়া,0.00043497172683775305
বিবৃতি,0.00043497172683775305
দিয়ে,0.00043497172683775305
উস্কে,0.00043497172683775305
দিয়েছে,0.00043497172683775305
বিতর্ক,0.00043497172683775305
৯ই,0.00043497172683775305
এপ্রিল,0.00043497172683775305
ছুটিতে,0.00043497172683775305
মন্ত্রিসভার,0.00043497172683775305
সিটি,0.00043497172683775305
আর্সেনাল,0.00043497172683775305
মহারণ,0.00043497172683775305
ড্র,0.00043497172683775305
আয়ারল্যান্ড,0.00043497172683775305
ইউরোপের,0.00043497172683775305
সবচেয়ে,0.00043497172683775305
ফিলিস্তিনপন্থী,0.00043497172683775305
অধিনায়ক,0.00043497172683775305
বাবরকে,0.00043497172683775305
দেয়া,0.00043497172683775305
আফ্রিদির,0.00043497172683775305
বিবৃতিটি,0.00043497172683775305
মিথ্যা,0.00043497172683775305
যশোরে,0.00043497172683775305
বিএনপির,0.00043497172683775305
৪৩,0.00043497172683775305
নেতাকর্মীকে,0.00043497172683775305
কারাগারে,0.00043497172683775305
প্রেরণ,0.00043497172683775305
নির্বিঘ্নে,0.00043497172683775305
ভোট,0.00043497172683775305
দেয়ার,0.00043497172683775305
পরিবেশ,0.00043497172683775305
নিশ্চিতে,0.00043497172683775305
আন্দোলন,0.00043497172683775305
থেমে,0.00043497172683775305
রিজভী,0.00043497172683775305
নীলিমা,0.00043497172683775305
পয়েন্ট,0.00043497172683775305
৪টি,0.00043497172683775305
হরিণের,0.00043497172683775305
চামড়া,0.00043497172683775305
উদ্ধার,0.00043497172683775305
যুদ্ধবিরতির,0.00043497172683775305
আলোচনায়,0.00043497172683775305
প্রতিনিধিদল,0.00043497172683775305
পাঠানো,0.00043497172683775305
দ্বিধাদ্বন্দ্বে,0.00043497172683775305
হামাস,0.00043497172683775305
দ্বিতীয়,0.00043497172683775305
ধাপে,0.00043497172683775305
১৬১,0.00043497172683775305
উপজেলা,0.00043497172683775305
নির্বাচনের,0.00043497172683775305
তফসিল,0.00043497172683775305
ঘোষণা,0.00043497172683775305
৯,0.00043497172683775305
এপ্রিলের,0.00043497172683775305
ছুটির,0.00043497172683775305
সুপারিশ,0.00043497172683775305
নাকচ,0.00043497172683775305
বুয়েটে,0.00043497172683775305
ছাত্র,0.00043497172683775305
রাজনীতি,0.00043497172683775305
অনুমতি,0.00043497172683775305
চেয়ে,0.00043497172683775305
হাইকোর্টে,0.00043497172683775305
রিট,0.00043497172683775305
এমবাপ্পের,0.00043497172683775305
প্রশ্নে,0.00043497172683775305
বিরক্ত,0.00043497172683775305
পিএসজি,0.00043497172683775305
কোচ,0.00043497172683775305
এনরিকে,0.00043497172683775305
তৃতীয়,0.00043497172683775305
দিনের,0.00043497172683775305
আজও,0.00043497172683775305
ক্লাস,0.00043497172683775305
পরীক্ষা,0.00043497172683775305
বর্জন,0.00043497172683775305
বুয়েট,0.00043497172683775305
শিক্ষার্থীদের,0.00043497172683775305
শীর্ষে,0.00043497172683775305
উঠে,0.00043497172683775305
শিরোপা,0.00043497172683775305
জয়ের,0.00043497172683775305
হুঙ্কার,0.00043497172683775305
লিভারপুল,0.00043497172683775305
কোচ,0.00043497172683775305
ক্লপের,0.00043497172683775305
মোহাম্মদপুরে,0.00043497172683775305
অস্ত্রসহ,0.00043497172683775305
কিশোর,0.00043497172683775305
গ্যাংয়ের,0.00043497172683775305
১৬,0.00043497172683775305
সদস্য,0.00043497172683775305
গ্রেপ্তার,0.00043497172683775305
৭,0.00043497172683775305
উইকেট,0.00043497172683775305
হারিয়ে,0.00043497172683775305
ফলোঅনের,0.00043497172683775305
শঙ্কায়,0.00043497172683775305
বাংলাদেশ,0.00043497172683775305
শায়েস্তাগঞ্জে,0.00043497172683775305
ট্রেনের,0.00043497172683775305
ধাক্কায়,0.00043497172683775305
নিহত,0.00043497172683775305
১,0.00043497172683775305
সারাদেশে,0.00043497172683775305
বাড়বে,0.00043497172683775305
কমবে,0.00043497172683775305
রাতের,0.00043497172683775305
তাপমাত্রা,0.00043497172683775305
অভিযান,0.00043497172683775305
শেষে,0.00043497172683775305
আল,0.00043497172683775305
শিফা,0.00043497172683775305
সৈন্য,0.00043497172683775305
প্রত্যাহার,0.00043497172683775305
করল,0.00043497172683775305
ইসরাইল,0.00043497172683775305
৭,0.00043497172683775305
অক্টোবর,0.00043497172683775305
৬০০,0.00043497172683775305
সৈন্য,0.00043497172683775305
নিহত,0.00043497172683775305
হয়েছে,0.00043497172683775305
ইসরাইল,0.00043497172683775305
গাজীপুরে,0.00043497172683775305
বেতন,0.00043497172683775305
ঈদ,0.00043497172683775305
বোনাসের,0.00043497172683775305
দাবিতে,0.00043497172683775305
শ্রমিকদের,0.00043497172683775305
বিক্ষোভ,0.00043497172683775305
নেপালের,0.00043497172683775305
হোকসি,0.00043497172683775305
যেভাবে,0.00043497172683775305
কিডনি,0.00043497172683775305
ভ্যালি,0.00043497172683775305
শ্রীপুরের,0.00043497172683775305
লাইফ,0.00043497172683775305
কেয়ার,0.00043497172683775305
হাসপাতালে,0.00043497172683775305
সিজার,0.00043497172683775305
এক,0.00043497172683775305
প্রসূতির,0.00043497172683775305
মায়ের,0.00043497172683775305
মৃত্যুর,0.00043497172683775305
অভিযোগ,0.00043497172683775305
বেনজীরের,0.00043497172683775305
সম্পদ,0.00043497172683775305
বিস্ময়কর,0.00043497172683775305
বিষয়,0.00043497172683775305
ঘটনা,0.00043497172683775305
স্বাভাবিক,0.00043497172683775305
বাস,0.00043497172683775305
ভাড়া,0.00043497172683775305
কমতে,0.00043497172683775305
কিলোমিটারে,0.00043497172683775305
৩,0.00043497172683775305
পয়সা,0.00043497172683775305
মানব,0.00043497172683775305
চামড়া,0.00043497172683775305
বাঁধানো,0.00043497172683775305
বই,0.00043497172683775305
সরিয়ে,0.00043497172683775305
দেয়া,0.00043497172683775305
হার্ভার্ড,0.00043497172683775305
লাইব্রেরি,0.00043497172683775305
উল্লাপাড়ায়,0.00043497172683775305
মহাসড়ক,0.00043497172683775305
লাশ,0.00043497172683775305
উদ্ধার,0.00043497172683775305
চীনের,0.00043497172683775305
অর্থনীতিতে,0.00043497172683775305
চলছে,0.00043497172683775305
নেতানিয়াহুবিরোধী,0.00043497172683775305
বিক্ষোভে,0.00043497172683775305
উত্তাল,0.00043497172683775305
ইসরাইল,0.00043497172683775305
আফগানিস্তানে,0.00043497172683775305
স্থলমাইন,0.00043497172683775305
বিস্ফোরণে,0.00043497172683775305
৯,0.00043497172683775305
শিশু,0.00043497172683775305
নিহত,0.00043497172683775305
ঈদে,0.00043497172683775305
৯০,0.00043497172683775305
লাখ,0.00043497172683775305
মানুষ,0.00043497172683775305
সড়কপথে,0.00043497172683775305
ঢাকা,0.00043497172683775305
ছাড়বে,0.00043497172683775305
ভারতীয়,0.00043497172683775305
৫০,0.00043497172683775305
টন,0.00043497172683775305
পেঁয়াজের,0.00043497172683775305
চালান,0.00043497172683775305
খালাস,0.00043497172683775305
সিরাজগঞ্জে,0.00043497172683775305
বাসের,0.00043497172683775305
ভাড়া,0.00043497172683775305
কমছে,0.00043497172683775305
৩,0.00043497172683775305
পয়সা,0.00043497172683775305
বুয়েটে,0.00043497172683775305
ছাত্ররাজনীতিতে,0.00043497172683775305
বাধা,0.00043497172683775305
হাইকোর্ট,0.00043497172683775305
ভেন্যুতে,0.00043497172683775305
গল্প,0.00043497172683775305
বাংলাদেশের,0.00043497172683775305
ফলোঅন,0.00043497172683775305
কেজরিওয়ালকে,0.00043497172683775305
২,0.00043497172683775305
সপ্তাহের,0.00043497172683775305
জেলে,0.00043497172683775305
পাঠালো,0.00043497172683775305
আদালত,0.00043497172683775305
মোদি,0.00043497172683775305
থামবে,0.00043497172683775305
দুর্নীতির,0.00043497172683775305
বিরুদ্ধে,0.00043497172683775305
অভিযান,0.00043497172683775305
চলবে,0.00043497172683775305
ভাই,0.00043497172683775305
হত্যার,0.00043497172683775305
বিচার,0.00043497172683775305
চাইলেন,0.00043497172683775305
শাহনূর,0.00043497172683775305
সুন্দোরা,0.00043497172683775305
ঈদে,0.00043497172683775305
বিশাল,0.00043497172683775305
মূল্যছাড়,0.00043497172683775305
বুয়েটে,0.00043497172683775305
রাজনীতি,0.00043497172683775305
নিষিদ্ধের,0.00043497172683775305
সিদ্ধান্ত,0.00043497172683775305
স্থগিত,0.00043497172683775305
প্রথমবার,0.00043497172683775305
উপস্থাপনায়,0.00043497172683775305
ইমরান,0.00043497172683775305
কুমিল্লায়,0.00043497172683775305
যুবক,0.00043497172683775305
খুনের,0.00043497172683775305
দায়ে,0.00043497172683775305
দু’জনের,0.00043497172683775305
মৃত্যুদণ্ড,0.00043497172683775305
সরকার,0.00043497172683775305
ত্রাসের,0.00043497172683775305
রাজত্ব,0.00043497172683775305
কায়েম,0.00043497172683775305
কাদের,0.00043497172683775305
৮,0.00043497172683775305
৯,0.00043497172683775305
এপ্রিল,0.00043497172683775305
ঐচ্ছিক,0.00043497172683775305
ছুটি,0.00043497172683775305
নেয়া,0.00043497172683775305
মন্ত্রিপরিষদ,0.00043497172683775305
সচিব,0.00043497172683775305
ছাত্ররাজনীতি,0.00043497172683775305
বুয়েট,0.00043497172683775305
ভিসি,0.00043497172683775305
বললেন-,0.00043497172683775305
আদালতের,0.00043497172683775305
আদেশ,0.00043497172683775305
শিরোধার্য,0.00043497172683775305
আড়াই,0.00043497172683775305
কেজি,0.00043497172683775305
আফিমসহ,0.00043497172683775305
চোরাচালান,0.00043497172683775305
চক্রের,0.00043497172683775305
নারী,0.00043497172683775305
সদস্য,0.00043497172683775305
গ্রেফতার,0.00043497172683775305
দেওয়ানগঞ্জে,0.00043497172683775305
পুলিশ,0.00043497172683775305
সুপারের,0.00043497172683775305
বাসার,0.00043497172683775305
ছাদ,0.00043497172683775305
৪,0.00043497172683775305
গন্ধ,0.00043497172683775305
গোকুল,0.00043497172683775305
উদ্ধার,0.00043497172683775305
তানজানিয়া,0.00043497172683775305
জয়,0.00043497172683775305
করল,0.00043497172683775305
১০,0.00043497172683775305
বছর,0.00043497172683775305
বয়সী,0.00043497172683775305
বাংলাদেশী,0.00043497172683775305
হাফেজ,0.00043497172683775305
হুজাইফা,0.00043497172683775305
রাজনগরে,0.00043497172683775305
অগ্নিকাণ্ডে,0.00043497172683775305
বৃদ্ধার,0.00043497172683775305
মৃত্যু,0.00043497172683775305
ব্রাজিলে,0.00043497172683775305
ইস্টার,0.00043497172683775305
সানডে,0.00043497172683775305
মিছিলে,0.00043497172683775305
বাসের,0.00043497172683775305
ধাক্কায়,0.00043497172683775305
৪,0.00043497172683775305
নিহত,0.00043497172683775305
তোশাখানা,0.00043497172683775305
মামলায়,0.00043497172683775305
ইমরান,0.00043497172683775305
খানের,0.00043497172683775305
সাজা,0.00043497172683775305
বাতিল,0.00043497172683775305
পৃথিবী,0.00043497172683775305
ঘুরে,0.00043497172683775305
দেখার,0.00043497172683775305
স্বপ্ন,0.00043497172683775305
শাফায়েতের,0.00043497172683775305
গোবিন্দগঞ্জে,0.00043497172683775305
সড়ক,0.00043497172683775305
দুর্ঘটনায়,0.00043497172683775305
নিহত,0.00043497172683775305
৪,0.00043497172683775305
পরিবারকে,0.00043497172683775305
জামায়াতের,0.00043497172683775305
আর্থিক,0.00043497172683775305
সহায়তা,0.00043497172683775305
প্রদান,0.00043497172683775305
ঘিওরে,0.00043497172683775305
৩০০,0.00043497172683775305
বছরের,0.00043497172683775305
ঐতিহ্যবাহী,0.00043497172683775305
জামাই,0.00043497172683775305
মেলা,0.00043497172683775305
রাজবাড়ীতে,0.00043497172683775305
চাকরির,0.00043497172683775305
প্রলোভন,0.00043497172683775305
দেখিয়ে,0.00043497172683775305
টাকা,0.00043497172683775305
হাতিয়ে,0.00043497172683775305
নেয়া,0.00043497172683775305
চক্রের,0.00043497172683775305
৩,0.00043497172683775305
সদস্য,0.00043497172683775305
গ্রেফতার,0.00043497172683775305
আ’লীগ,0.00043497172683775305
দেশকে,0.00043497172683775305
দাসত্বের,0.00043497172683775305
আমিনুল,0.00043497172683775305
হক,0.00043497172683775305
ইরাক,0.00043497172683775305
ইসরাইলে,0.00043497172683775305
ড্রোন,0.00043497172683775305
হামলা,0.00043497172683775305
তাপপ্রবাহে,0.00043497172683775305
পুড়ছে,0.00043497172683775305
চুয়াডাঙ্গা,0.00043497172683775305
দুর্নীতি,0.00043497172683775305
মামলায়,0.00043497172683775305
সাবেক,0.00043497172683775305
বিচারপতি,0.00043497172683775305
জয়নুলের,0.00043497172683775305
বিচার,0.00043497172683775305
সন্ত্রাস,0.00043497172683775305
ছাড়া,0.00043497172683775305
সরকার,0.00043497172683775305
টিকতে,0.00043497172683775305
পারবে,0.00043497172683775305
গয়েশ্বর,0.00043497172683775305
বিদ্যুৎ,0.00043497172683775305
উন্নয়ন,0.00043497172683775305
বোর্ডের,0.00043497172683775305
অফিসিয়াল,0.00043497172683775305
ফেসবুক,0.00043497172683775305
পেজ,0.00043497172683775305
হ্যাক,0.00043497172683775305
হয়েছে,0.00043497172683775305
নির্যাতন,0.00043497172683775305
বিএনপিকে,0.00043497172683775305
দমিয়ে,0.00043497172683775305
আমিনুল,0.00043497172683775305
আদালতের,0.00043497172683775305
আদেশ,0.00043497172683775305
শিরোধার্য,0.00043497172683775305
বুয়েট,0.00043497172683775305
ভিসি,0.00043497172683775305
রাজস্ব,0.00043497172683775305
বাড়বে,0.00043497172683775305
১০হাজার,0.00043497172683775305
অকাল,0.00043497172683775305
মৃত্যু,0.00043497172683775305
রুখবে,0.00043497172683775305
১১,0.00043497172683775305
লাখ,0.00043497172683775305
খালেদা,0.00043497172683775305
জিয়াকে,0.00043497172683775305
হাসপাতালে,0.00043497172683775305
ফখরুল,0.00043497172683775305
আব্বাস,0.00043497172683775305
ইসরাইলে,0.00043497172683775305
আল,0.00043497172683775305
জাজিরা,0.00043497172683775305
বন্ধ,0.00043497172683775305
চাচ্ছেন,0.00043497172683775305
নেতানিয়াহু,0.00043497172683775305
রাজনগরে,0.00043497172683775305
আগুনে,0.00043497172683775305
পুড়ে,0.00043497172683775305
বৃদ্ধার,0.00043497172683775305
মৃত্যু,0.00043497172683775305
লেখাপড়ার,0.00043497172683775305
স্বার্থে,0.00043497172683775305
রাজনীতি,0.00043497172683775305
বন্ধ,0.00043497172683775305
রাখবে,0.00043497172683775305
সিদ্ধান্ত,0.00043497172683775305
বুয়েটের,0.00043497172683775305
গয়েশ্বর,0.00043497172683775305
রায়,0.00043497172683775305
গ্যাস,0.00043497172683775305
বিস্ফোরণ,0.00043497172683775305
চিকিৎসাধীন,0.00043497172683775305
বাবা,0.00043497172683775305
মা,0.00043497172683775305
সন্তানের,0.00043497172683775305
মৃত্যু,0.00043497172683775305
লাভলী,0.00043497172683775305
রহমানের,0.00043497172683775305
মৃত্যু,0.00043497172683775305
বিএনপির,0.00043497172683775305
শোক,0.00043497172683775305
বিএনপির,0.00043497172683775305
আইন,0.00043497172683775305
সম্পাদকের,0.00043497172683775305
বাবার,0.00043497172683775305
মঙ্গলবার,0.00043497172683775305
তৃতীয়,0.00043497172683775305
মৃত্যুবার্ষিকী,0.00043497172683775305
আওয়ামী,0.00043497172683775305
লীগ,0.00043497172683775305
রাষ্ট্রীয়,0.00043497172683775305
ক্ষমতা,0.00043497172683775305
সম্পূর্ণ,0.00043497172683775305
কুক্ষিগত,0.00043497172683775305
ফেলেছে,0.00043497172683775305
সালাম,0.00043497172683775305
৪,0.00043497172683775305
রানে,0.00043497172683775305
ক্লাবে,0.00043497172683775305
মুমিনুল,0.00043497172683775305
সাতক্ষীরা,0.00043497172683775305
মেডিক্যাল,0.00043497172683775305
কলেজে,0.00043497172683775305
ছাত্রলীগের,0.00043497172683775305
২,0.00043497172683775305
গ্রুপের,0.00043497172683775305
সংঘর্ষ,0.00043497172683775305
তৃতীয়,0.00043497172683775305
শেষেও,0.00043497172683775305
চালকের,0.00043497172683775305
আসনে,0.00043497172683775305
শ্রীলঙ্কা,0.00043497172683775305
ইসরাইল,0.00043497172683775305
আল,0.00043497172683775305
শিফা,0.00043497172683775305
সেনা,0.00043497172683775305
অস্বাভাবিক,0.00043423346795134945
পরিষদের,0.00043423346795134864
কেজরিওয়ালের,0.0004318076859854828
মাশায়েখ,0.000431807685985482
গ্রেফতার,0.00042937905828033143
উলামা,0.00042937905828033056
ভারতের,0.0004269475504369502
চট্টগ্রামে,0.00042694755043694933
বিরোধী,0.00042451312754359836
জালালুদ্দীন,0.0004245131275435975
জোটকে,0.0004220757541642646
মাওলানা,0.00042207575416426375
এককাট্টা,0.00041963539432685005
প্রতিরোধ,0.0004196353943268492
পারবে,0.00041719201151099565
তাদেরকে,0.00041719201151099483
জবির,0.0004147455686355421
দালালি,0.00041474556863554127
আইন,0.0004122960280456066
ভারতের,0.0004122960280456058
বিভাগের,0.00040984335149926374
পরিবেশমন্ত্রী,0.000409843351499263
চেয়ারম্যানের,0.0004073875001538134
প্রত্যাহার,0.0004073875001538126
পদত্যাগ,0.00040492843455162167
বাস,0.00040492843455162096
সরকার,0.00040246611460551695
বয়সী,0.00040246611460551624
জনগণের,0.00040000049958372407
অধিক,0.0004000004995837233
ভোটে,0.00039753154809431794
বছরের,0.0003975315480943173
নির্বাচিত,0.00039505921806917954
২০,0.00039505921806917883
প্রিন্স,0.00039258346674743053
নাছিম,0.00039258346674742983
ডেমরায়,0.0003901042506583296
বাহাউদ্দিন,0.000390104250658329
গ্যারেজে,0.00038762152560360626
শক্তি,0.00038762152560360566
ভলভো,0.0003851352466392094
উগ্রবাদী,0.00038513524663920883
বাসে,0.000382645368056447
কথা,0.0003826453680564464
আগুন,0.0003801518433624914
বিপক্ষে,0.0003801518433624908
নিয়ন্ত্রণে,0.00037765462526022375
রাজনীতির,0.00037765462526022315
৬,0.00037515366562738956
ছাত্র,0.000375153665627389
ইউনিট,0.0003726489154950361
জামিন,0.00037264891549503563
বুয়েটের,0.0003701403250252013
আগাম,0.00037014032502520074
ছাত্রদের,0.00036762784348782064
নেতাকর্মীর,0.0003676278434878201
অন্যায়,0.00036511141923682044
৪৫০,0.0003651114192368199
ছাত্র,0.0003625909996853588
বিএনপির,0.00036259099968535824
শিক্ষক,0.00036006653128017906
নারায়ণগঞ্জ,0.0003600665312801786
অভিভাবকদের,0.000357537959475035
মুখচ্ছবি,0.00035753795947503453
রাজপথে,0.00035500522870314624
বঙ্গবন্ধুর,0.0003550052287031458
নামবো,0.00035246828234864077
স্থাপত্যশিল্পে,0.00035246828234864033
নুর,0.00034992706271693677
ফল,0.0003499270627169364
আদালতের,0.0003473815110040173
গবেষণার,0.00034738151100401695
রায়ে,0.00034483156726454445
বছরের,0.0003448315672645441
আবরারের,0.0003422771703787595
২০,0.0003422771703787592
হত্যাকারীদের,0.00033971825801811304
মিঠুর,0.0003397182580181127
উৎসাহিত,0.0003371547666095627
প্রকৌশলী,0.0003371547666095624
হয়েছে,0.00033458663129847644
বগুড়ার,0.0003345866312984761
রিজভী,0.0003320137859100735
পররাষ্ট্রমন্ত্রী,0.0003320137859100732
শিক্ষাঙ্গনকে,0.0003294361629093321
ধরতে,0.0003294361629093318
কলুষিত,0.0003268536933592886
দিক,0.00032685369335928833
ছাত্রলীগ,0.00032426630687764854
ইতিবাচক,0.00032426630687764827
এবি,0.00032167393159162613
দেশের,0.0003216739315916259
পার্টি,0.0003190764940909229
গণমাধ্যমকে,0.0003190764940909227
বাস,0.00031647391937875076
দিল্লির,0.0003164739193787505
ট্রেন,0.000313866130820801
জয়,0.0003138661308208008
লঞ্চে,0.000311253050092053
চেন্নাই,0.00031125305009205284
অতিরিক্ত,0.0003086345971213103
ব্যাটিংয়ে,0.0003086345971213102
যাত্রী,0.00030601069003334644
দুরন্ত,0.0003060106900333463
পরিবহন,0.0003033812450885338
পন্থের,0.0003033812450885336
করলেই,0.0003007461766198232
শেষরক্ষা,0.00030074617661982294
ব্যবস্থা,0.0002981053969669317
ম্যাজিকেও,0.00029810539696693145
স্বরাষ্ট্রমন্ত্রী,0.00029545881640758917
মাহি,0.00029545881640758896
